0,85,0,0,0,76,73
1,37,2,0,0,88,81
2,6,2,1,0,92,161
3,57,3,3,1,130,53
4,49,2,2,0,76,153
5,54,3,1,0,24,55
6,11,2,3,1,26,69
7,60,0,1,1,104,83
8,46,2,3,0,148,143
9,17,0,0,0,156,195
10,22,0,2,1,196,171
11,59,4,3,0,192,177
12,25,4,2,0,180,37
13,1,0,0,0,60,153
14,57,3,1,1,162,61
15,76,0,0,1,130,81
16,94,3,1,0,194,167
17,39,4,2,1,184,51
18,94,3,1,0,150,177
19,78,3,0,0,142,189
20,45,4,2,0,104,17
21,77,1,2,0,182,41
22,96,2,1,0,184,29
23,4,3,3,1,164,129
24,47,2,2,0,92,91
25,76,1,1,1,166,113
26,59,2,1,1,176,139
27,95,0,3,0,40,149
28,71,2,1,0,146,153
29,14,0,0,1,190,1
30,70,3,2,1,80,5
31,82,4,1,0,158,157
32,16,4,0,0,126,55
33,60,3,1,0,106,97
34,99,4,3,1,124,157
35,18,3,1,1,148,17
36,78,4,2,0,68,195
37,67,2,3,1,72,155
38,9,0,2,1,16,195
39,28,0,0,1,92,131
40,80,3,2,0,160,139
41,70,1,3,0,138,97
42,68,1,0,0,6,53
43,12,4,3,1,146,43
44,21,4,3,0,132,107
45,16,3,2,1,136,67
46,18,1,2,1,148,113
47,92,4,0,0,142,61
48,44,0,3,1,10,119
49,47,3,2,1,120,85
50,11,1,3,1,14,185
51,82,2,1,1,124,103
52,96,4,0,0,130,169
53,32,1,1,0,58,23
54,32,3,2,0,88,39
55,97,0,2,1,130,51
56,37,3,0,0,84,67
57,30,4,0,0,114,125
58,21,4,2,1,152,199
59,5,3,0,1,84,87
60,52,4,0,1,102,95
61,30,3,2,0,68,119
62,32,0,3,1,110,139
63,77,0,2,0,188,65
64,45,1,1,0,96,99
65,65,4,3,0,18,1
66,74,4,0,1,8,91
67,62,3,0,1,122,113
68,31,0,1,1,62,187
69,57,3,0,1,120,95
70,11,2,1,0,68,183
71,74,1,3,1,56,121
72,67,0,3,0,110,97
73,43,4,0,0,98,197
74,54,3,2,1,44,95
75,57,0,1,0,70,185
76,52,2,1,0,198,21
77,60,4,3,1,140,21
78,88,0,0,0,138,161
79,57,3,2,0,62,9
80,53,4,0,0,10,95
81,16,1,0,1,124,123
82,87,4,3,1,40,17
83,83,3,0,1,198,119
84,94,2,1,1,0,177
85,62,4,0,1,88,139
86,50,3,1,1,150,169
87,0,3,3,0,102,7
88,31,2,2,0,178,49
89,75,3,0,1,66,149
90,76,3,2,1,196,87
91,70,0,3,0,170,5
92,76,0,1,0,148,121
93,29,4,1,1,154,129
94,84,1,3,0,108,7
95,49,1,2,1,162,47
96,15,1,1,1,10,101
97,28,3,3,0,50,109
98,45,0,2,1,128,11
99,75,0,1,1,90,63
100,95,3,1,1,58,67
101,39,3,0,0,54,9
102,62,1,1,0,0,87
103,98,0,2,1,16,45
104,66,3,1,1,26,153
105,50,2,1,1,18,15
106,38,0,0,1,162,139
107,0,0,1,1,140,23
108,33,0,2,0,146,197
109,46,0,3,1,132,113
110,8,2,1,0,42,17
111,90,4,3,1,82,43
112,39,0,2,0,98,149
113,58,4,2,0,164,157
114,43,0,2,1,172,133
115,85,3,1,1,106,163
116,97,1,2,0,42,109
117,81,0,3,0,52,35
118,14,1,3,0,196,153
119,72,2,0,0,34,71
120,73,1,0,1,0,67
121,11,3,3,1,140,141
122,47,4,2,1,106,113
123,82,3,2,1,14,141
124,7,1,3,1,160,183
125,78,1,2,0,166,119
126,56,0,3,0,174,27
127,45,2,1,1,42,181
128,27,2,1,0,78,47
129,31,0,2,1,140,171
130,19,4,0,0,58,135
131,27,4,0,0,76,55
132,63,1,3,0,130,71
133,96,4,2,0,70,67
134,83,0,2,0,44,79
135,47,0,3,1,68,95
136,17,0,3,1,28,181
137,96,3,2,0,78,67
138,96,3,0,0,136,67
139,92,2,3,1,42,101
140,10,2,3,0,14,195
141,37,2,2,1,162,59
142,44,3,3,0,130,47
143,28,1,3,0,134,11
144,31,4,0,0,162,11
145,8,2,2,0,4,193
146,48,0,0,0,150,103
147,92,1,0,1,16,185
148,36,4,2,1,110,157
149,43,0,2,0,24,21
150,38,1,3,1,196,151
151,63,4,1,0,80,81
152,80,1,0,1,2,163
153,36,4,3,0,74,17
154,45,2,0,0,114,91
155,72,2,0,1,120,3
156,50,2,2,0,120,7
157,26,2,0,0,88,91
158,70,3,0,1,172,83
159,50,2,2,0,174,15
160,89,3,0,1,98,15
161,27,0,3,1,2,185
162,21,0,1,0,158,119
163,20,1,3,0,190,63
164,86,4,0,1,34,139
165,61,1,3,1,32,3
166,42,1,3,1,18,155
167,47,4,3,0,76,33
168,0,0,2,0,10,183
169,1,4,2,1,112,91
170,34,2,2,0,50,147
171,86,0,1,0,104,181
172,75,2,3,0,74,55
173,65,2,1,0,130,185
174,76,2,0,0,96,109
175,88,4,1,1,164,107
176,35,3,0,1,22,17
177,34,2,0,1,22,63
178,34,0,0,1,56,173
179,69,4,3,0,30,187
180,66,3,1,0,0,185
181,22,4,0,1,90,153
182,72,1,2,0,174,185
183,36,3,0,0,162,167
184,44,0,2,0,142,177
185,12,3,3,1,194,21
186,26,1,3,0,92,133
187,34,1,3,1,50,173
188,71,0,0,1,158,69
189,89,3,3,0,120,13
190,92,3,3,0,8,69
191,21,4,3,1,152,17
192,90,3,0,0,0,149
193,3,2,1,0,122,107
194,34,4,2,0,70,193
195,94,2,3,1,126,41
196,47,3,1,0,100,65
197,61,1,1,0,102,187
198,82,3,0,1,56,177
199,68,2,0,0,130,39
200,31,1,3,1,60,67
201,55,2,0,1,170,57
202,54,0,3,0,146,123
203,3,1,0,0,12,1
204,45,4,3,1,60,23
205,38,1,1,1,34,103
206,94,4,1,1,136,119
207,2,3,0,1,134,111
208,2,4,3,0,168,161
209,87,2,1,1,176,17
210,6,3,1,1,194,155
211,80,1,1,0,174,179
212,13,3,1,1,160,195
213,10,2,1,0,74,179
214,67,3,1,0,26,101
215,39,1,0,0,80,157
216,17,0,0,1,166,187
217,29,0,1,0,160,155
218,43,1,3,0,52,149
219,32,0,0,1,120,31
220,7,2,2,0,22,9
221,90,2,0,0,194,87
222,18,1,0,0,134,127
223,24,4,1,0,154,99
224,73,1,3,1,34,11
225,21,1,0,1,146,69
226,25,2,2,1,166,147
227,8,1,3,1,64,143
228,2,4,3,1,52,135
229,61,2,1,1,20,199
230,37,4,0,1,14,3
231,17,1,3,0,26,143
232,15,4,1,1,66,149
233,64,2,1,0,56,107
234,98,1,1,0,80,87
235,81,1,3,1,114,159
236,79,1,0,0,50,19
237,64,1,3,1,30,61
238,83,3,0,1,178,17
239,59,4,0,0,178,53
240,18,2,1,0,154,69
241,18,1,0,1,92,121
242,42,4,0,0,162,15
243,4,0,0,1,44,33
244,21,1,2,1,76,179
245,68,3,3,0,20,5
246,22,0,1,1,20,115
247,24,2,3,0,148,127
248,76,3,3,0,110,69
249,59,2,0,0,46,63
250,33,0,1,1,142,59
251,92,1,3,1,66,121
252,28,1,2,0,182,61
253,71,3,1,0,128,53
254,30,3,2,1,48,183
255,13,3,2,1,42,171
256,30,3,3,1,194,177
257,2,1,0,0,158,161
258,24,0,3,1,184,23
259,16,0,3,1,186,5
260,65,0,2,1,116,51
261,55,4,2,1,172,77
262,7,2,1,1,198,101
263,17,2,0,0,116,139
264,5,2,0,1,198,39
265,84,1,0,1,116,175
266,84,2,2,1,156,195
267,16,1,3,1,184,141
268,10,2,1,0,128,49
269,72,4,1,1,32,89
270,79,0,2,1,158,63
271,61,2,1,0,136,61
272,3,1,1,0,168,43
273,11,1,0,0,94,77
274,2,4,0,0,132,63
275,54,0,2,0,60,191
276,33,0,3,0,146,105
277,34,3,0,0,144,21
278,51,0,1,0,92,31
279,2,3,2,1,10,57
280,25,1,1,0,182,121
281,63,3,0,0,120,135
282,82,3,2,1,116,13
283,68,4,0,1,146,135
284,7,2,2,1,76,161
285,68,1,2,1,138,193
286,1,3,3,1,134,35
287,90,0,1,0,128,79
288,34,1,2,1,186,73
289,98,3,2,0,164,197
290,3,0,1,1,22,25
291,68,3,1,1,84,169
292,55,4,1,1,158,163
293,4,2,1,1,120,83
294,64,3,3,1,18,45
295,49,1,2,1,62,1
296,30,0,2,1,188,185
297,26,0,0,0,148,143
298,91,3,0,0,144,185
299,4,1,3,0,82,13
300,15,4,1,0,142,191
301,58,4,2,1,150,197
302,92,0,2,1,198,177
303,88,0,0,1,180,189
304,22,2,3,1,52,127
305,12,3,1,1,30,43
306,47,0,3,1,124,137
307,70,4,2,0,34,149
308,6,1,3,1,38,95
309,59,3,2,1,140,31
310,6,3,1,0,82,87
311,69,0,3,0,46,43
312,43,4,1,0,28,163
313,83,3,0,1,84,27
314,38,4,3,0,120,189
315,54,2,1,0,14,81
316,72,0,0,0,86,57
317,57,4,3,0,14,77
318,39,1,1,1,102,191
319,98,3,1,1,62,111
320,46,4,3,1,120,183
321,69,0,3,0,184,127
322,71,4,0,0,18,129
323,12,4,3,1,130,179
324,43,2,2,1,96,13
325,7,0,3,1,162,131
326,34,4,0,0,176,105
327,83,2,1,0,14,3
328,19,3,1,0,130,139
329,61,3,0,0,104,179
330,60,4,1,1,102,145
331,2,0,0,1,156,107
332,43,2,2,0,104,61
333,96,2,3,1,68,123
334,51,1,0,0,64,157
335,57,1,0,1,182,25
336,65,2,2,1,74,143
337,41,2,2,1,182,63
338,0,0,1,1,18,185
339,92,1,0,1,22,179
340,34,4,0,1,106,185
341,17,1,3,1,186,155
342,96,0,0,1,32,177
343,5,2,0,0,6,119
344,69,4,0,1,96,95
345,77,0,1,1,118,147
346,8,3,0,1,186,17
347,23,2,0,1,24,27
348,76,3,2,0,52,85
349,31,0,2,0,64,7
350,73,0,2,0,116,173
351,51,3,2,0,48,135
352,9,2,0,1,92,179
353,88,4,1,1,26,143
354,90,4,0,1,24,193
355,41,2,0,1,172,149
356,66,4,2,1,122,139
357,57,3,1,1,178,67
358,21,3,3,0,122,73
359,69,3,1,1,128,139
360,73,2,3,0,188,175
361,99,0,2,0,56,175
362,5,0,3,0,184,71
363,17,0,3,0,194,93
364,94,0,3,1,24,121
365,42,2,0,1,82,167
366,16,1,2,1,148,153
367,34,4,2,0,54,95
368,24,1,2,0,154,47
369,1,2,2,0,86,195
370,42,2,1,0,144,179
371,98,0,2,1,62,125
372,62,1,1,0,80,41
373,42,3,0,1,38,153
374,64,4,2,0,178,73
375,74,2,3,1,98,17
376,2,4,2,0,140,87
377,34,4,2,0,68,55
378,5,3,1,1,84,41
379,39,3,1,1,132,45
380,35,2,0,0,186,99
381,94,0,2,1,132,125
382,28,3,3,1,178,23
383,30,2,3,0,10,3
384,83,1,0,0,126,189
385,23,4,0,1,92,93
386,86,1,3,0,162,85
387,24,3,2,1,106,173
388,64,4,2,1,6,111
389,37,4,0,1,54,11
390,29,2,1,1,78,1
391,90,0,3,1,60,135
392,24,3,3,0,20,11
393,37,4,2,0,156,177
394,42,1,3,0,84,119
395,18,1,2,1,10,129
396,53,4,2,1,152,129
397,41,4,3,1,82,91
398,76,2,1,1,60,107
399,22,1,0,1,124,13
400,25,4,3,0,84,59
401,13,0,0,1,2,51
402,85,3,3,1,80,149
403,63,4,2,0,148,91
404,88,2,0,1,54,81
405,88,4,3,1,126,143
406,22,0,3,0,90,147
407,8,3,0,0,114,107
408,95,3,1,0,102,105
409,45,2,1,1,182,41
410,10,1,3,0,104,153
411,54,0,1,1,128,5
412,16,4,3,1,16,161
413,5,3,2,0,26,27
414,98,2,2,1,106,69
415,85,1,2,0,4,167
416,98,2,0,1,138,159
417,48,1,1,0,40,23
418,95,2,3,0,166,145
419,31,1,2,1,132,55
420,81,4,3,0,50,161
421,31,1,2,0,160,157
422,58,4,2,1,196,167
423,10,0,3,1,30,115
424,78,4,2,0,110,117
425,27,1,2,0,84,175
426,1,3,3,1,98,89
427,45,0,1,0,150,59
428,92,2,3,1,168,147
429,95,3,1,0,76,21
430,13,4,2,0,46,167
431,37,1,3,1,170,131
432,21,3,0,1,36,67
433,29,4,3,1,10,165
434,86,0,3,1,44,43
435,82,0,2,1,112,155
436,66,2,3,1,132,51
437,14,0,3,0,172,101
438,45,0,3,1,100,169
439,64,1,3,1,188,69
440,21,1,2,1,132,87
441,46,2,0,0,48,85
442,7,4,1,1,116,145
443,26,0,3,1,16,109
444,36,1,2,1,178,53
445,17,2,3,0,6,139
446,91,1,2,1,118,63
447,89,2,0,1,112,183
448,49,3,0,1,46,111
449,38,3,0,1,124,99
450,58,4,0,1,120,155
451,75,2,2,1,42,95
452,46,2,3,0,86,65
453,32,3,1,0,170,199
454,2,2,1,1,124,19
455,44,4,2,0,36,47
456,37,4,3,0,96,105
457,95,4,0,1,112,175
458,23,0,1,1,134,125
459,48,4,3,0,174,121
460,5,4,2,1,56,75
461,73,4,2,1,190,185
462,3,3,2,1,70,63
463,35,1,3,0,82,137
464,80,0,2,0,128,65
465,93,0,2,1,54,47
466,63,2,1,1,164,153
467,63,4,1,0,80,199
468,78,3,2,0,166,155
469,73,2,0,0,128,61
470,88,0,0,1,134,95
471,55,1,2,0,146,113
472,0,3,0,1,172,45
473,2,2,2,0,30,5
474,19,0,0,0,174,35
475,72,4,1,0,110,151
476,51,2,3,1,10,151
477,82,0,1,1,188,1
478,16,4,0,1,74,117
479,53,0,0,1,22,141
480,16,3,3,0,12,81
481,90,4,3,0,168,43
482,77,1,1,0,50,63
483,28,1,1,0,136,131
484,14,0,0,1,96,147
485,76,4,2,1,56,161
486,89,2,1,1,62,123
487,68,3,0,0,128,137
488,58,1,0,1,68,149
489,54,2,2,1,100,159
490,37,2,1,1,180,79
491,11,2,2,1,18,13
492,21,3,3,1,88,191
493,90,3,0,1,46,135
494,87,2,3,0,170,173
495,60,0,3,1,148,61
496,25,0,2,1,122,197
497,30,4,3,1,22,9
498,57,4,2,1,132,179
499,42,2,3,1,132,135
500,46,2,3,1,108,77
501,26,2,0,1,32,169
502,46,0,3,1,94,5
503,47,0,1,1,90,121
504,55,1,1,1,44,65
505,17,0,0,0,94,133
506,65,2,3,1,38,99
507,80,3,0,0,178,57
508,69,0,1,1,84,27
509,42,4,3,1,180,13
510,97,0,1,1,188,199
511,41,1,0,0,18,135
512,33,3,0,0,20,199
513,91,0,1,1,164,177
514,46,0,1,0,24,147
515,64,3,1,1,76,139
516,61,3,0,1,112,91
517,31,4,2,0,60,31
518,65,2,2,1,194,93
519,2,3,3,0,108,151
520,94,0,2,0,172,59
521,20,3,0,1,48,169
522,28,3,0,0,56,71
523,91,2,0,0,192,67
524,25,3,0,1,52,87
525,32,1,2,1,174,189
526,55,1,0,0,120,105
527,61,2,0,0,34,51
528,88,1,2,0,196,149
529,70,3,0,1,164,13
530,45,1,1,0,82,39
531,58,1,3,1,42,79
532,50,2,2,1,16,97
533,56,3,3,1,42,109
534,29,3,1,0,20,185
535,64,1,0,0,4,151
536,5,3,1,1,162,191
537,34,3,0,1,128,65
538,78,1,2,0,72,103
539,46,1,1,1,38,133
540,70,2,3,0,84,145
541,28,4,0,0,12,145
542,71,4,1,1,148,85
543,23,2,2,0,196,29
544,2,3,1,0,98,73
545,26,1,3,1,106,145
546,10,2,2,0,102,49
547,43,4,2,1,58,45
548,91,0,1,1,2,105
549,65,2,3,0,110,113
550,4,2,3,1,88,163
551,6,3,2,0,186,5
552,58,2,0,1,82,91
553,50,1,3,1,62,115
554,31,1,2,0,166,115
555,87,1,2,1,6,127
556,7,2,0,0,64,33
557,11,3,2,0,62,13
558,35,4,3,0,146,15
559,82,0,3,1,80,31
560,40,3,0,0,182,95
561,85,1,3,1,74,81
562,50,3,3,0,170,145
563,7,3,1,0,46,7
564,56,0,2,0,124,67
565,13,1,0,1,40,175
566,34,3,2,1,70,109
567,47,4,3,0,98,89
568,4,1,1,0,132,139
569,65,2,3,0,64,49
570,87,3,2,1,198,161
571,82,3,1,1,6,45
572,27,3,2,1,68,97
573,81,2,2,0,62,141
574,56,0,1,1,86,143
575,89,1,2,1,118,193
576,60,1,3,1,50,15
577,46,2,1,0,166,125
578,34,1,3,0,94,181
579,34,0,2,1,110,63
580,34,3,3,1,42,41
581,56,4,2,1,58,125
582,73,2,1,1,148,189
583,9,2,3,1,180,87
584,49,4,0,0,116,135
585,33,3,2,1,144,99
586,68,4,3,1,30,47
587,4,3,0,1,46,41
588,51,4,2,1,88,165
589,8,3,1,0,50,159
590,85,1,0,1,130,147
591,30,2,3,0,136,47
592,74,4,3,1,112,115
593,92,0,0,1,48,59
594,38,2,3,0,86,25
595,10,0,2,1,110,185
596,62,1,0,0,178,141
597,57,3,3,1,48,83
598,84,1,1,1,174,155
599,82,4,1,1,150,183
600,65,4,2,1,180,183
601,7,2,3,1,22,115
602,14,4,0,1,164,175
603,56,2,2,0,192,9
604,93,4,2,1,14,181
605,65,3,3,1,104,187
606,39,3,0,1,48,125
607,0,0,3,1,120,25
608,91,3,3,1,182,93
609,40,0,2,1,116,3
610,30,1,3,1,78,185
611,37,3,1,1,166,179
612,52,2,0,0,164,189
613,47,2,3,1,34,131
614,63,4,2,1,184,9
615,37,4,2,1,60,35
616,52,2,1,1,92,115
617,84,2,2,1,94,177
618,66,4,1,1,94,25
619,23,0,1,1,146,159
620,79,0,1,0,80,81
621,89,1,2,0,130,53
622,75,2,1,0,48,161
623,16,1,3,1,0,143
624,26,0,2,1,194,11
625,97,3,0,0,160,117
626,31,4,3,1,148,129
627,53,3,1,1,38,161
628,13,1,2,1,8,155
629,60,4,2,0,12,123
630,57,4,2,1,100,53
631,71,3,1,1,108,159
632,80,4,3,0,70,187
633,46,2,1,0,118,117
634,88,3,1,0,186,171
635,39,3,1,0,40,189
636,58,1,2,0,38,133
637,55,0,2,1,42,103
638,76,1,2,1,78,59
639,77,4,2,1,86,157
640,31,1,1,0,162,9
641,14,1,2,0,44,111
642,47,4,0,1,16,101
643,68,2,1,1,186,155
644,97,2,1,1,168,5
645,72,1,0,0,182,113
646,33,0,1,0,146,89
647,52,2,1,1,20,141
648,81,0,3,1,130,137
649,11,0,0,0,172,53
650,30,0,1,0,132,155
651,20,0,2,1,58,129
652,23,0,3,0,60,179
653,35,1,2,0,38,113
654,74,0,3,0,80,137
655,63,3,3,0,128,7
656,31,4,0,0,64,63
657,83,4,1,0,102,137
658,24,3,2,1,168,61
659,89,0,3,0,6,89
660,81,4,3,1,72,69
661,70,4,1,0,132,55
662,86,0,0,1,128,101
663,96,1,0,1,0,43
664,81,4,2,0,98,53
665,48,0,2,1,84,173
666,94,0,3,1,182,95
667,29,0,2,0,72,97
668,9,4,3,1,196,117
669,9,2,1,0,122,35
670,19,2,1,0,196,37
671,84,1,1,1,80,37
672,43,0,0,1,88,175
673,56,4,1,1,12,107
674,92,0,1,1,192,63
675,97,2,2,1,10,123
676,22,0,3,1,6,121
677,0,4,1,0,0,97
678,80,4,3,1,64,31
679,53,1,0,0,128,131
680,54,1,0,1,60,21
681,41,3,1,0,66,99
682,5,2,1,1,78,151
683,79,4,3,1,10,113
684,30,2,1,1,196,177
685,37,0,2,0,70,97
686,6,0,1,0,76,171
687,12,0,0,1,66,185
688,6,0,2,0,12,53
689,41,0,2,1,64,145
690,29,4,0,0,38,103
691,48,1,1,0,26,85
692,30,0,1,0,92,43
693,17,3,2,1,192,197
694,89,0,0,0,80,77
695,34,2,2,1,136,193
696,22,3,1,0,70,51
697,79,1,1,1,46,55
698,38,1,2,1,158,19
699,50,0,1,1,76,107
700,31,4,0,0,58,9
701,50,2,2,0,2,53
702,2,4,2,0,76,179
703,85,0,3,0,98,51
704,30,1,0,0,142,29
705,81,3,3,0,58,71
706,25,2,1,0,194,25
707,65,1,1,0,114,83
708,45,1,3,1,198,87
709,94,0,3,0,178,87
710,86,3,2,0,190,121
711,97,3,3,1,148,23
712,81,2,1,1,168,7
713,69,0,0,0,142,135
714,25,0,1,0,102,41
715,15,1,1,0,36,143
716,40,4,0,1,4,45
717,41,0,3,1,146,107
718,86,4,1,0,44,175
719,24,4,0,1,178,121
720,8,2,1,0,50,23
721,14,1,3,1,196,153
722,62,2,0,1,120,187
723,79,1,0,0,54,39
724,53,2,0,0,112,61
725,19,2,1,0,108,133
726,54,1,2,0,128,43
727,32,2,1,1,98,195
728,17,0,0,1,56,3
729,12,3,3,0,142,145
730,16,4,0,0,142,81
731,28,4,2,1,84,29
732,94,2,2,0,6,147
733,19,4,1,1,28,119
734,58,4,0,0,28,11
735,59,2,0,0,98,5
736,73,1,0,1,96,59
737,48,2,3,0,142,191
738,6,1,2,0,176,101
739,27,1,1,1,130,89
740,23,2,3,1,156,63
741,75,3,2,0,90,107
742,83,4,3,1,124,95
743,96,0,2,0,104,131
744,78,4,3,1,130,151
745,60,0,0,1,82,183
746,29,0,0,1,42,169
747,38,3,3,1,110,189
748,41,1,0,1,40,39
749,25,1,2,0,114,45
750,13,1,0,0,40,57
751,40,2,2,1,2,199
752,9,3,2,1,18,97
753,20,2,3,0,138,77
754,17,3,0,0,92,37
755,70,0,3,0,104,63
756,45,3,1,1,16,125
757,27,4,1,1,14,65
758,15,2,2,1,178,45
759,24,3,3,0,78,129
760,0,4,3,1,40,153
761,86,2,1,0,86,163
762,90,0,1,0,164,11
763,46,2,2,0,108,37
764,39,0,0,1,90,83
765,62,4,2,0,24,179
766,68,0,2,1,28,153
767,89,1,1,1,96,135
768,54,1,3,1,32,143
769,80,2,2,0,160,57
770,84,3,0,1,78,93
771,35,4,3,0,142,63
772,41,1,0,1,194,85
773,51,4,0,1,34,13
774,80,4,3,1,94,103
775,27,2,0,0,128,139
776,15,0,1,0,30,77
777,74,4,1,1,186,153
778,65,3,0,0,138,171
779,85,2,2,0,178,139
780,24,2,2,1,0,9
781,42,0,1,1,132,147
782,35,3,0,0,36,79
783,5,4,3,0,196,99
784,52,2,0,0,18,27
785,68,3,2,0,34,37
786,58,2,1,0,108,1
787,28,1,3,0,32,75
788,29,4,2,1,90,51
789,93,2,1,1,122,169
790,56,2,1,1,2,49
791,21,2,3,1,44,81
792,6,3,2,1,52,123
793,96,1,1,0,88,19
794,79,4,3,0,108,77
795,14,3,0,1,172,197
796,34,2,2,1,64,87
797,34,0,0,1,12,107
798,51,3,1,0,192,67
799,0,0,0,0,32,9
800,92,1,0,0,148,185
801,34,4,0,1,192,155
802,41,4,0,1,66,145
803,8,0,2,1,78,19
804,54,2,1,1,64,45
805,92,4,2,1,32,139
806,18,0,3,0,74,19
807,19,1,1,0,100,189
808,3,4,1,1,60,119
809,7,3,3,1,56,45
810,5,4,2,1,12,27
811,44,2,1,1,180,59
812,50,4,2,0,188,63
813,7,4,2,1,132,91
814,94,4,0,1,146,29
815,65,0,2,1,162,137
816,78,3,1,0,90,137
817,27,4,2,0,0,135
818,39,2,0,1,168,143
819,67,1,1,0,92,195
820,79,3,1,1,52,183
821,50,1,0,1,162,117
822,62,1,3,0,198,125
823,17,0,2,0,12,15
824,60,3,2,1,18,173
825,57,4,1,0,142,81
826,75,2,0,1,40,179
827,98,2,2,0,20,39
828,23,3,1,1,172,149
829,91,2,0,0,80,15
830,1,4,3,0,134,179
831,71,3,0,1,86,133
832,79,2,0,0,184,57
833,17,3,1,1,186,95
834,10,1,3,0,26,3
835,55,1,3,0,74,171
836,46,4,1,0,30,63
837,72,0,2,0,72,119
838,34,1,2,0,94,197
839,73,1,2,1,62,113
840,98,4,2,1,4,181
841,68,2,0,1,140,171
842,40,2,3,0,14,147
843,77,1,2,0,70,55
844,51,1,0,1,60,181
845,85,3,0,0,80,125
846,81,3,2,0,90,199
847,5,0,3,1,0,69
848,21,2,3,1,136,173
849,42,4,3,0,72,195
850,13,3,1,1,56,91
851,23,1,3,0,22,95
852,6,2,2,1,126,177
853,42,2,1,1,32,77
854,22,0,1,0,58,177
855,32,2,0,0,8,1
856,80,0,2,1,144,55
857,67,4,1,1,160,175
858,94,4,3,1,94,49
859,66,4,2,0,42,25
860,12,4,2,0,12,189
861,79,1,3,0,50,75
862,51,0,2,1,106,183
863,86,3,1,1,44,49
864,65,3,1,0,74,57
865,70,3,3,0,182,53
866,76,3,2,0,24,149
867,81,1,0,0,16,149
868,41,1,0,0,108,199
869,88,3,3,0,82,53
870,62,4,2,1,150,123
871,32,3,1,1,148,171
872,52,0,0,1,100,63
873,19,1,1,1,192,185
874,3,4,2,0,72,9
875,58,1,0,1,98,19
876,33,2,0,0,164,161
877,86,4,0,0,156,1
878,41,0,0,1,114,65
879,36,4,0,1,194,195
880,81,1,2,1,70,47
881,64,4,2,0,90,189
882,65,3,2,1,106,95
883,24,2,1,0,36,15
884,40,0,0,1,150,181
885,57,3,3,1,52,141
886,74,3,1,1,2,143
887,0,1,1,0,140,149
888,44,2,1,0,4,55
889,83,4,1,1,30,181
890,40,1,1,1,142,7
891,96,3,1,1,152,39
892,26,1,1,1,32,173
893,25,4,3,0,0,95
894,31,0,1,0,176,81
895,31,2,2,0,114,185
896,58,3,2,1,182,99
897,29,4,2,1,78,189
898,98,4,2,0,70,89
899,6,1,2,0,16,151
900,92,0,0,1,128,139
901,11,3,1,1,124,67
902,94,3,1,1,84,113
903,8,2,1,0,154,149
904,11,1,1,1,96,11
905,8,3,2,0,140,123
906,3,4,3,0,184,191
907,76,2,2,1,134,47
908,57,2,0,1,182,49
909,48,1,2,1,60,195
910,41,0,3,0,170,79
911,97,2,1,1,162,191
912,93,2,3,1,78,175
913,58,3,2,1,36,127
914,23,1,3,0,156,159
915,17,4,0,0,92,113
916,86,1,3,1,146,7
917,19,4,3,0,84,115
918,34,1,3,1,178,171
919,50,0,1,0,188,181
920,4,0,2,0,110,13
921,89,4,0,0,66,153
922,59,1,1,1,170,67
923,32,0,3,1,152,73
924,5,4,2,0,168,199
925,70,3,2,1,122,65
926,43,0,3,1,102,53
927,16,0,0,1,94,195
928,78,1,2,1,36,69
929,43,4,1,1,2,145
930,12,4,0,1,6,111
931,48,2,0,0,160,23
932,31,4,1,1,172,175
933,43,2,2,0,28,145
934,17,1,3,0,60,143
935,13,3,0,0,130,171
936,90,1,3,0,68,185
937,4,2,0,0,30,59
938,43,3,1,1,188,69
939,73,3,1,1,24,67
940,18,4,1,0,152,91
941,12,2,0,1,178,95
942,43,1,3,1,138,17
943,70,4,2,1,6,81
944,30,4,3,1,118,39
945,47,0,2,1,166,97
946,10,3,2,0,122,3
947,91,3,0,1,164,29
948,54,1,3,1,14,17
949,35,1,1,1,94,129
950,77,4,0,1,46,13
951,82,2,0,1,24,199
952,73,0,3,0,110,187
953,79,3,3,0,148,105
954,72,4,1,1,46,177
955,8,0,0,0,68,61
956,66,2,1,1,178,61
957,6,2,0,1,88,21
958,13,2,2,0,66,41
959,46,3,0,0,150,187
960,53,2,2,1,70,191
961,29,1,0,1,198,45
962,38,2,3,1,170,91
963,50,2,1,1,48,65
964,53,1,1,0,12,7
965,28,3,1,0,134,163
966,12,2,0,0,170,157
967,78,2,0,1,184,75
968,67,1,3,1,88,177
969,49,4,1,1,60,107
970,87,1,2,1,92,91
971,37,4,2,1,6,103
972,88,4,2,0,194,187
973,0,0,1,1,166,3
974,2,3,2,0,178,19
975,19,0,2,0,36,101
976,74,3,1,1,72,161
977,20,0,3,1,130,129
978,52,4,1,1,146,79
979,4,1,1,1,138,7
980,93,4,0,1,142,97
981,3,1,3,0,198,145
982,15,4,3,1,22,145
983,59,0,1,1,196,103
984,84,0,0,0,34,101
985,46,3,1,0,174,187
986,78,1,2,1,166,71
987,77,3,2,0,152,187
988,80,2,0,1,96,79
989,33,3,0,1,184,97
990,85,3,1,1,18,179
991,69,3,3,0,98,41
992,30,1,3,0,44,43
993,4,1,3,1,170,23
994,32,0,1,0,122,9
995,53,3,0,0,12,103
996,35,4,2,1,154,87
997,64,3,2,0,92,17
998,93,2,0,1,74,183
999,2,4,0,0,176,55
1000,55,4,3,1,72,77
1001,84,3,1,0,122,175
1002,54,2,1,1,22,127
1003,3,3,3,1,116,199
1004,34,2,3,0,120,63
1005,70,1,1,0,196,25
1006,98,1,1,1,134,159
1007,96,0,3,1,0,93
1008,93,0,2,0,2,121
1009,13,3,0,1,22,13
1010,89,3,2,0,98,7
1011,40,4,1,0,82,173
1012,79,2,0,1,64,137
1013,6,2,0,0,2,59
1014,49,1,1,0,154,179
1015,91,2,1,0,176,37
1016,37,3,0,0,164,49
1017,92,3,0,0,46,125
1018,73,3,2,0,180,99
1019,57,2,1,0,40,77
1020,21,4,2,0,72,109
1021,4,1,3,1,38,15
1022,4,2,0,1,156,29
1023,36,1,0,1,130,195
1024,39,2,0,0,186,135
1025,78,4,3,0,150,177
1026,87,4,3,1,168,103
1027,52,1,3,0,156,39
1028,9,0,0,1,188,61
1029,80,3,3,1,104,121
1030,76,4,3,1,0,139
1031,72,4,2,0,18,97
1032,5,3,1,0,94,155
1033,26,2,2,1,70,37
1034,44,4,1,1,82,27
1035,94,4,2,0,66,21
1036,17,3,3,1,186,139
1037,97,1,0,0,50,147
1038,8,0,1,1,78,193
1039,88,0,2,0,120,89
1040,30,1,1,0,142,69
1041,35,3,2,0,190,5
1042,46,4,2,0,6,193
1043,60,0,1,0,132,17
1044,34,0,1,0,142,103
1045,23,3,1,0,82,149
1046,31,3,1,1,52,63
1047,98,4,3,0,108,187
1048,21,4,2,1,192,41
1049,98,4,2,1,70,35
1050,87,1,0,1,134,173
1051,82,0,1,0,186,125
1052,71,0,2,0,140,87
1053,4,3,3,0,116,125
1054,18,0,2,0,88,193
1055,11,2,3,0,134,169
1056,18,0,0,0,80,103
1057,57,4,3,0,170,53
1058,97,0,2,1,176,97
1059,63,2,2,1,134,61
1060,62,1,1,0,16,157
1061,49,0,2,0,50,55
1062,58,2,0,0,154,55
1063,12,2,0,0,94,187
1064,10,3,2,1,158,125
1065,19,4,3,1,98,93
1066,94,2,1,0,72,147
1067,23,1,2,0,46,69
1068,68,2,2,1,56,1
1069,75,3,1,0,196,121
1070,20,3,1,1,168,31
1071,34,4,2,1,66,13
1072,42,4,0,0,82,185
1073,99,1,1,0,160,37
1074,30,4,3,1,196,173
1075,25,2,1,0,108,61
1076,70,1,1,0,174,39
1077,85,2,1,1,38,53
1078,40,0,0,0,46,135
1079,99,1,0,1,124,79
1080,52,3,1,0,76,17
1081,4,1,3,1,152,91
1082,31,0,0,1,124,3
1083,81,2,3,0,8,19
1084,83,0,2,1,56,123
1085,80,2,0,1,192,113
1086,50,4,0,1,38,47
1087,36,1,0,0,152,7
1088,78,1,3,0,134,21
1089,2,3,2,0,108,13
1090,89,2,0,1,50,85
1091,89,2,0,1,26,131
1092,40,0,0,1,90,79
1093,63,3,3,0,168,165
1094,86,1,3,0,52,181
1095,42,1,3,0,6,173
1096,21,2,0,0,112,15
1097,31,4,0,0,10,105
1098,51,0,2,1,112,173
1099,3,1,1,0,84,47
1100,46,4,1,0,38,149
1101,29,1,0,0,92,53
1102,2,3,1,1,2,109
1103,31,2,3,0,130,137
1104,7,2,2,1,76,147
1105,91,3,3,0,10,139
1106,23,0,1,0,122,197
1107,79,4,0,0,36,189
1108,68,0,0,0,60,119
1109,8,2,1,1,84,103
1110,2,3,2,1,144,99
1111,28,3,3,0,176,149
1112,50,0,1,0,48,185
1113,67,1,2,1,186,63
1114,89,4,2,0,42,63
1115,29,0,3,0,108,79
1116,86,3,0,0,14,27
1117,7,4,2,1,98,57
1118,25,1,3,1,48,85
1119,65,4,1,1,58,131
1120,9,1,2,0,48,181
1121,46,2,2,1,36,87
1122,52,2,0,0,188,155
1123,77,4,2,1,164,165
1124,51,2,1,1,4,9
1125,34,4,2,0,22,143
1126,84,1,3,1,126,171
1127,61,0,1,1,138,13
1128,36,2,3,1,52,135
1129,71,1,3,1,10,147
1130,81,2,1,0,106,103
1131,40,1,3,0,152,163
1132,71,1,1,1,74,131
1133,48,2,3,1,64,33
1134,79,4,2,1,110,141
1135,28,0,2,0,20,17
1136,40,1,3,1,196,49
1137,6,1,3,0,76,105
1138,33,4,1,0,14,183
1139,10,0,2,1,146,117
1140,45,2,2,0,80,117
1141,0,1,1,1,74,17
1142,16,3,2,1,28,119
1143,25,0,2,1,58,195
1144,22,3,2,1,112,115
1145,20,1,1,1,18,163
1146,56,4,1,1,146,89
1147,35,1,2,0,8,41
1148,32,2,1,0,62,85
1149,1,2,2,0,140,189
1150,29,2,2,0,6,49
1151,27,4,0,1,182,37
1152,25,0,0,1,96,53
1153,17,1,1,1,4,23
1154,71,4,0,1,0,13
1155,90,1,2,0,34,169
1156,16,2,3,0,164,33
1157,28,0,0,1,90,69
1158,22,1,0,1,74,133
1159,32,4,3,1,192,29
1160,83,1,3,1,198,93
1161,1,1,2,0,138,35
1162,31,0,0,0,154,147
1163,42,4,2,1,182,55
1164,36,4,3,0,98,17
1165,15,1,0,1,58,129
1166,25,1,0,1,128,181
1167,84,0,1,0,64,79
1168,22,3,3,1,54,161
1169,71,0,0,0,118,115
1170,61,0,3,0,62,163
1171,77,1,2,1,52,91
1172,40,2,1,1,198,65
1173,99,1,3,1,14,79
1174,99,3,1,0,178,155
1175,47,2,1,0,46,71
1176,99,4,0,1,84,33
1177,62,0,0,1,70,101
1178,37,0,1,1,40,35
1179,56,4,3,1,18,171
1180,18,2,3,1,16,73
1181,36,3,1,1,186,63
1182,0,3,0,1,2,31
1183,58,1,2,1,106,65
1184,83,1,3,0,102,175
1185,73,3,3,1,14,77
1186,20,0,1,1,98,195
1187,68,2,1,1,118,21
1188,75,2,2,0,52,21
1189,33,0,0,0,82,7
1190,71,1,2,1,28,77
1191,18,3,2,0,174,117
1192,65,3,2,1,52,7
1193,62,2,3,0,108,177
1194,4,4,1,0,68,59
1195,92,3,1,1,94,67
1196,16,1,3,0,114,95
1197,46,0,0,0,110,195
1198,56,4,3,0,8,57
1199,69,4,0,0,14,111
1200,67,4,3,0,126,69
1201,28,1,1,0,42,165
1202,57,3,3,0,180,161
1203,40,2,1,1,92,147
1204,24,3,1,1,36,3
1205,61,1,1,0,118,95
1206,18,3,2,1,192,133
1207,47,4,1,0,142,53
1208,80,1,1,1,192,141
1209,65,1,2,0,180,91
1210,23,2,2,1,120,7
1211,80,2,3,1,86,11
1212,81,0,3,1,194,119
1213,68,0,1,1,126,117
1214,34,3,0,1,72,157
1215,34,4,2,1,10,37
1216,89,3,2,1,8,93
1217,12,0,1,0,116,7
1218,59,2,0,1,72,149
1219,96,4,0,0,86,17
1220,84,4,2,1,96,177
1221,30,4,2,1,132,49
1222,92,1,1,0,2,127
1223,17,2,2,0,94,81
1224,61,2,1,0,124,25
1225,78,0,0,1,164,149
1226,3,4,1,0,148,109
1227,95,0,0,0,90,89
1228,60,3,1,0,186,33
1229,35,1,1,0,80,101
1230,39,4,2,1,30,73
1231,36,2,2,0,34,83
1232,57,1,3,0,52,65
1233,3,4,2,0,174,25
1234,14,3,2,0,100,63
1235,48,1,2,0,110,17
1236,66,4,3,1,58,141
1237,36,0,2,0,184,25
1238,4,2,3,1,54,179
1239,86,0,1,0,172,169
1240,19,1,0,1,32,109
1241,85,2,1,1,62,175
1242,56,4,3,1,30,119
1243,84,1,0,1,18,141
1244,79,4,1,0,182,1
1245,82,4,1,0,106,15
1246,42,1,3,1,86,135
1247,37,0,1,1,116,19
1248,49,1,0,0,162,3
1249,16,3,1,1,138,177
1250,83,3,0,0,44,15
1251,43,3,0,1,38,155
1252,75,3,3,0,10,155
1253,57,3,0,0,182,123
1254,76,2,1,1,10,193
1255,2,2,2,1,56,177
1256,53,2,0,1,188,69
1257,66,2,2,0,78,143
1258,34,3,0,0,42,101
1259,22,3,0,1,104,41
1260,32,4,2,1,28,133
1261,23,0,2,1,44,149
1262,52,0,1,1,166,71
1263,37,1,1,0,88,107
1264,71,3,1,0,22,61
1265,4,2,2,0,140,93
1266,88,1,3,0,26,99
1267,29,2,3,1,164,125
1268,34,1,2,0,156,5
1269,22,0,0,0,198,1
1270,15,3,1,0,58,93
1271,75,2,0,0,162,191
1272,44,4,3,0,130,3
1273,54,0,1,0,114,81
1274,90,0,0,1,48,13
1275,94,0,3,0,118,27
1276,3,4,3,0,102,19
1277,92,1,1,0,160,193
1278,73,0,2,0,82,141
1279,34,0,3,0,76,79
1280,10,4,3,1,128,69
1281,57,1,0,0,26,109
1282,98,3,1,1,108,11
1283,60,2,1,0,64,35
1284,42,3,3,1,76,1
1285,56,3,1,0,36,151
1286,29,0,3,0,56,169
1287,17,4,1,1,138,41
1288,36,0,2,1,130,129
1289,4,0,3,1,112,121
1290,69,2,2,0,66,187
1291,86,1,2,1,28,9
1292,69,0,1,0,196,173
1293,23,0,1,0,20,135
1294,61,2,1,0,62,13
1295,5,1,2,1,10,81
1296,66,1,1,0,158,67
1297,60,0,3,1,8,75
1298,83,3,3,0,192,125
1299,75,0,2,0,192,59
1300,85,3,1,1,144,51
1301,61,1,2,0,86,179
1302,71,2,3,1,38,7
1303,22,4,0,1,122,187
1304,63,2,0,0,0,139
1305,43,2,1,1,28,93
1306,55,3,2,0,2,21
1307,54,4,2,0,196,17
1308,67,2,1,1,80,5
1309,57,2,0,1,108,89
1310,24,1,2,0,162,189
1311,15,1,2,0,106,21
1312,17,3,2,0,68,107
1313,56,0,2,0,4,75
1314,2,0,2,1,38,25
1315,87,1,2,1,106,179
1316,9,4,3,0,56,71
1317,24,3,0,1,104,47
1318,92,1,3,1,168,123
1319,50,0,2,0,24,7
1320,12,2,3,0,152,7
1321,58,2,0,1,176,187
1322,31,3,2,1,24,71
1323,87,2,0,0,90,161
1324,47,0,3,1,74,185
1325,3,3,3,0,110,175
1326,33,4,2,0,198,61
1327,20,3,3,0,6,7
1328,14,2,1,0,4,1
1329,13,0,0,1,76,67
1330,83,2,3,0,30,91
1331,27,3,0,1,60,57
1332,28,3,0,0,110,191
1333,43,0,0,0,8,99
1334,18,0,3,0,174,113
1335,38,3,2,0,154,13
1336,72,3,2,1,90,171
1337,65,2,0,1,146,103
1338,50,3,2,1,122,85
1339,49,4,3,0,26,129
1340,55,0,3,0,26,79
1341,65,2,0,0,78,81
1342,64,0,0,0,72,27
1343,31,0,0,1,56,91
1344,64,0,0,0,106,89
1345,73,0,0,1,174,1
1346,44,0,0,1,64,15
1347,43,0,0,1,60,175
1348,61,4,1,0,110,179
1349,12,2,1,0,192,77
1350,21,3,2,0,128,45
1351,70,2,3,0,16,95
1352,75,0,1,1,66,41
1353,22,4,0,0,2,15
1354,89,2,3,0,112,187
1355,64,2,2,0,60,27
1356,96,2,0,1,62,195
1357,80,2,2,0,176,19
1358,98,3,2,0,54,157
1359,0,3,3,1,96,171
1360,71,4,0,1,110,105
1361,76,3,1,1,154,57
1362,15,3,1,0,80,49
1363,39,3,0,1,134,33
1364,40,1,1,0,104,15
1365,50,3,2,1,76,33
1366,41,0,2,1,92,9
1367,93,0,0,1,194,1
1368,26,1,0,1,134,29
1369,17,1,2,0,88,61
1370,9,2,0,0,108,175
1371,42,1,0,0,30,21
1372,69,0,1,0,104,1
1373,80,4,1,0,88,89
1374,61,0,3,1,166,67
1375,71,1,1,0,16,171
1376,26,3,3,1,88,179
1377,60,2,1,0,106,141
1378,32,3,2,0,92,113
1379,84,2,0,1,124,161
1380,57,3,2,0,26,63
1381,89,4,1,1,64,137
1382,36,2,2,0,78,61
1383,84,4,2,1,194,177
1384,82,3,2,1,28,63
1385,89,3,0,1,84,65
1386,53,1,1,1,148,149
1387,67,1,3,0,134,127
1388,51,3,3,1,146,107
1389,33,1,1,0,16,11
1390,27,1,1,1,196,47
1391,74,1,2,0,64,35
1392,84,4,0,1,186,73
1393,54,2,2,0,62,55
1394,61,0,3,1,38,151
1395,34,0,2,0,102,103
1396,29,1,3,1,70,31
1397,10,3,0,0,182,83
1398,34,4,0,0,148,115
1399,74,3,3,0,58,119
1400,53,2,0,1,190,179
1401,67,4,0,0,86,197
1402,5,3,2,0,68,53
1403,48,0,2,0,92,5
1404,80,2,3,1,108,43
1405,66,4,3,0,166,167
1406,14,3,0,1,46,161
1407,67,2,0,1,168,127
1408,22,2,2,1,18,163
1409,79,0,2,0,16,25
1410,91,1,2,0,168,151
1411,4,2,1,0,104,169
1412,69,2,1,0,10,157
1413,59,3,3,0,132,141
1414,40,4,1,0,68,47
1415,44,1,0,1,110,11
1416,0,2,3,0,54,93
1417,48,0,0,0,126,5
1418,24,4,2,1,14,103
1419,69,1,0,0,148,147
1420,48,4,0,1,182,137
1421,57,4,2,0,62,101
1422,30,1,0,0,32,119
1423,89,2,2,1,36,7
1424,23,1,2,0,42,161
1425,46,3,1,0,82,111
1426,26,2,3,0,134,117
1427,87,4,2,0,14,135
1428,90,4,0,0,122,11
1429,38,3,1,1,10,159
1430,42,3,3,1,82,111
1431,66,3,3,0,158,69
1432,93,2,2,0,70,25
1433,48,1,0,0,184,177
1434,46,4,0,1,70,165
1435,41,4,1,0,104,145
1436,71,3,1,0,84,13
1437,64,0,2,1,116,3
1438,44,4,2,0,124,29
1439,12,1,2,0,164,195
1440,99,2,2,0,38,173
1441,56,4,0,0,152,151
1442,33,1,3,1,76,163
1443,4,1,3,1,12,21
1444,6,2,0,1,68,169
1445,18,0,1,0,170,3
1446,87,2,3,1,94,143
1447,11,0,2,0,4,87
1448,77,0,2,0,22,17
1449,98,4,3,0,152,41
1450,0,1,0,0,114,101
1451,31,2,3,0,60,51
1452,48,4,3,0,6,55
1453,59,0,2,1,62,63
1454,66,2,2,0,142,183
1455,41,2,0,1,24,121
1456,12,1,0,0,144,39
1457,46,4,3,0,62,163
1458,23,4,3,1,134,15
1459,46,3,3,1,106,171
1460,3,3,0,0,174,97
1461,80,2,2,0,110,183
1462,11,0,2,0,180,133
1463,51,1,2,1,120,133
1464,34,1,3,1,76,183
1465,9,1,0,0,128,137
1466,14,2,3,0,50,55
1467,24,1,2,0,194,175
1468,35,2,1,1,12,109
1469,73,0,3,0,42,29
1470,44,1,3,0,182,193
1471,85,2,3,0,112,113
1472,58,3,1,0,190,179
1473,85,1,3,1,114,75
1474,38,0,2,0,38,175
1475,62,0,3,1,40,145
1476,11,2,2,0,62,57
1477,86,2,2,1,88,199
1478,55,1,0,1,128,11
1479,63,2,2,1,178,183
1480,34,1,3,0,12,111
1481,53,3,2,0,14,7
1482,16,0,2,1,182,149
1483,1,1,0,0,116,49
1484,63,0,0,1,46,113
1485,48,0,2,1,194,67
1486,63,2,3,1,118,47
1487,48,2,1,0,32,41
1488,70,0,3,0,90,187
1489,34,4,3,1,0,35
1490,53,2,3,1,54,179
1491,78,2,0,0,26,33
1492,48,1,0,0,192,141
1493,28,2,1,0,156,43
1494,30,2,1,0,148,131
1495,88,1,1,0,182,151
1496,2,1,1,1,104,75
1497,18,0,1,0,8,173
1498,20,1,0,0,160,147
1499,61,0,2,0,80,117
1500,90,0,2,0,144,155
1501,55,0,0,0,16,133
1502,27,4,0,1,96,13
1503,39,0,0,0,150,119
1504,84,4,1,1,22,137
1505,62,0,1,0,22,29
1506,19,0,2,0,186,141
1507,76,0,1,0,124,149
1508,51,0,1,1,24,71
1509,80,3,1,0,52,127
1510,77,3,1,0,58,181
1511,26,2,1,0,166,77
1512,78,4,1,1,190,151
1513,17,3,3,1,118,61
1514,98,1,3,0,4,61
1515,37,4,3,0,36,87
1516,29,1,0,1,154,181
1517,34,2,3,1,110,145
1518,20,2,1,0,102,1
1519,40,3,3,1,100,151
1520,90,1,0,1,160,55
1521,52,4,3,1,62,97
1522,2,4,1,0,24,71
1523,13,3,1,1,34,157
1524,4,0,2,1,22,123
1525,48,4,0,0,126,21
1526,45,4,1,0,40,51
1527,40,3,1,0,188,69
1528,33,2,3,1,172,157
1529,35,3,3,0,84,35
1530,12,0,1,0,68,139
1531,17,2,2,1,192,115
1532,60,2,2,1,38,107
1533,87,0,3,1,42,59
1534,58,0,3,0,80,153
1535,58,0,0,0,132,3
1536,55,1,2,1,72,67
1537,16,4,1,0,2,187
1538,51,0,2,0,4,139
1539,36,2,0,1,8,55
1540,94,3,1,1,196,55
1541,36,4,0,1,36,151
1542,11,3,0,1,64,27
1543,15,4,2,0,192,73
1544,3,1,1,0,70,189
1545,88,3,1,0,94,189
1546,80,4,2,0,182,137
1547,29,2,2,1,60,135
1548,82,0,3,0,34,37
1549,14,1,1,1,84,97
1550,81,4,2,0,30,117
1551,13,2,2,1,12,81
1552,3,4,3,0,44,19
1553,48,3,3,0,138,103
1554,48,0,1,1,12,189
1555,12,4,2,1,132,43
1556,49,2,2,0,184,195
1557,67,0,1,1,44,153
1558,55,0,0,0,156,87
1559,78,4,3,1,120,155
1560,98,1,2,1,188,145
1561,18,1,3,1,6,83
1562,30,2,0,1,88,117
1563,27,0,3,0,58,63
1564,67,2,2,1,104,111
1565,77,1,3,1,26,139
1566,76,0,3,1,0,117
1567,68,0,2,1,114,145
1568,98,4,2,1,154,175
1569,97,3,1,0,80,133
1570,17,3,2,1,36,53
1571,86,0,2,1,76,159
1572,22,0,1,1,178,39
1573,40,2,1,1,6,31
1574,51,3,0,0,22,33
1575,87,4,3,1,14,117
1576,51,3,1,0,32,147
1577,2,4,2,1,16,109
1578,19,0,3,0,164,139
1579,75,0,0,0,142,197
1580,34,3,2,1,36,147
1581,66,3,3,0,132,97
1582,75,0,0,1,166,59
1583,43,3,0,1,54,5
1584,17,2,3,1,58,93
1585,44,4,0,1,198,147
1586,85,0,3,0,52,21
1587,10,4,2,1,186,115
1588,25,2,3,0,12,21
1589,11,2,1,0,70,35
1590,33,4,0,1,34,91
1591,85,4,0,1,192,85
1592,22,3,2,1,196,85
1593,97,3,2,0,32,139
1594,0,4,0,1,116,153
1595,45,1,1,1,28,111
1596,85,2,2,1,18,91
1597,27,1,3,0,142,93
1598,0,4,2,0,172,75
1599,19,0,1,0,194,33
1600,39,4,0,0,154,111
1601,93,2,1,0,32,113
1602,24,0,3,0,144,117
1603,58,1,2,1,80,37
1604,64,2,2,1,134,95
1605,9,2,1,0,146,3
1606,67,1,3,1,54,7
1607,52,1,2,1,96,97
1608,11,0,1,0,192,17
1609,92,2,3,1,90,119
1610,47,3,1,1,164,111
1611,37,4,3,0,78,57
1612,63,0,1,0,132,1
1613,54,4,3,1,198,119
1614,43,0,1,1,42,123
1615,39,0,1,1,48,11
1616,71,3,2,1,108,33
1617,42,1,3,0,32,77
1618,9,2,2,0,90,19
1619,76,0,0,0,68,177
1620,65,3,1,1,190,99
1621,42,2,1,1,142,163
1622,90,2,3,1,80,23
1623,62,0,2,1,16,87
1624,89,2,3,1,62,175
1625,98,3,3,1,2,131
1626,2,3,0,0,80,67
1627,94,4,2,1,128,167
1628,68,4,2,1,104,21
1629,53,3,0,1,22,85
1630,29,0,1,1,120,59
1631,95,3,1,0,104,165
1632,54,3,3,1,106,91
1633,74,1,3,0,28,21
1634,61,3,0,0,112,73
1635,26,3,1,0,108,7
1636,80,3,3,1,20,27
1637,91,4,3,1,12,65
1638,8,4,2,1,182,13
1639,98,3,2,1,98,29
1640,33,1,3,0,58,155
1641,23,2,3,0,104,131
1642,73,1,3,0,20,137
1643,45,4,0,1,68,5
1644,51,4,0,0,48,157
1645,52,2,3,1,180,21
1646,81,1,3,0,78,23
1647,73,4,2,0,164,21
1648,52,0,2,0,82,71
1649,36,4,1,0,158,99
1650,82,4,0,0,102,89
1651,23,2,2,1,70,97
1652,47,4,2,0,58,199
1653,62,1,1,1,158,181
1654,17,4,0,1,188,31
1655,75,0,2,0,48,65
1656,70,2,1,0,116,195
1657,88,1,1,1,66,89
1658,54,1,1,0,124,5
1659,72,4,3,1,198,53
1660,1,0,0,1,30,181
1661,31,2,0,0,6,151
1662,67,4,0,0,184,157
1663,8,2,3,0,130,155
1664,83,1,1,0,162,57
1665,22,4,3,0,188,195
1666,67,3,2,0,108,81
1667,59,1,1,0,110,95
1668,99,2,3,0,166,151
1669,46,4,0,1,128,145
1670,1,2,2,0,180,139
1671,7,0,1,0,16,81
1672,94,0,3,0,6,177
1673,96,1,3,1,106,101
1674,7,2,1,0,124,113
1675,75,3,3,0,88,83
1676,26,4,0,1,138,1
1677,83,0,2,1,20,197
1678,51,1,1,0,196,35
1679,26,0,0,1,18,95
1680,18,3,0,1,178,81
1681,23,4,0,1,32,85
1682,43,0,2,0,92,91
1683,31,4,2,0,84,53
1684,28,3,3,0,164,187
1685,7,2,2,1,114,111
1686,78,0,1,1,134,57
1687,76,3,3,0,18,87
1688,53,1,3,1,76,89
1689,70,3,1,0,116,107
1690,15,4,2,1,144,99
1691,26,3,0,1,94,33
1692,27,0,2,0,194,79
1693,85,3,2,1,160,29
1694,15,2,0,1,126,131
1695,74,4,2,1,34,33
1696,12,0,3,0,152,197
1697,52,2,0,0,88,107
1698,62,0,3,1,86,181
1699,21,4,1,0,136,191
1700,77,3,2,1,180,19
1701,51,2,3,0,66,177
1702,71,2,3,1,36,89
1703,96,0,0,1,164,143
1704,41,4,3,0,126,69
1705,98,2,1,1,128,153
1706,40,3,3,0,26,119
1707,44,1,0,0,78,191
1708,95,1,2,1,68,49
1709,52,3,2,0,188,93
1710,81,3,2,0,18,115
1711,35,0,3,0,154,193
1712,3,4,1,1,186,105
1713,44,1,0,0,8,89
1714,64,3,1,0,158,97
1715,94,0,2,1,32,67
1716,1,1,2,0,138,109
1717,71,3,3,0,136,53
1718,70,3,3,1,148,69
1719,93,1,3,0,102,191
1720,1,3,3,1,194,81
1721,89,2,1,1,194,155
1722,28,4,0,0,158,145
1723,5,1,1,1,128,153
1724,99,3,1,1,166,151
1725,73,4,1,0,102,3
1726,49,2,1,1,28,183
1727,45,3,3,0,166,161
1728,98,4,3,1,198,139
1729,31,2,3,0,82,135
1730,89,3,0,1,194,103
1731,66,2,0,0,156,181
1732,29,1,2,0,134,81
1733,70,1,1,1,84,19
1734,67,2,2,0,62,57
1735,2,3,0,0,170,79
1736,9,3,2,0,168,11
1737,40,0,2,1,48,195
1738,52,2,3,0,94,63
1739,68,4,3,0,130,75
1740,67,3,1,1,48,23
1741,19,3,0,1,12,83
1742,15,0,2,0,174,133
1743,12,3,1,1,78,131
1744,58,2,0,0,24,95
1745,28,1,1,0,174,37
1746,11,1,0,0,50,175
1747,25,4,2,1,94,197
1748,46,4,3,0,28,119
1749,61,0,2,1,28,97
1750,21,4,1,0,48,133
1751,54,0,1,1,142,29
1752,22,3,0,1,92,195
1753,66,1,2,0,160,41
1754,44,3,1,1,34,109
1755,79,2,1,0,84,5
1756,75,3,0,0,28,149
1757,59,3,1,0,36,173
1758,45,1,2,0,24,119
1759,69,3,3,0,166,7
1760,54,1,3,1,130,75
1761,62,1,3,1,114,103
1762,83,0,3,0,192,51
1763,96,0,2,0,150,79
1764,59,2,3,1,124,111
1765,21,4,3,1,144,11
1766,21,0,2,1,136,137
1767,85,3,0,1,176,91
1768,51,2,1,1,90,9
1769,88,3,3,1,174,151
1770,96,1,2,0,6,153
1771,71,1,0,1,20,191
1772,37,3,1,0,130,27
1773,91,4,3,1,124,47
1774,89,4,0,0,126,171
1775,67,1,1,0,58,123
1776,45,3,3,0,34,159
1777,25,3,0,0,2,145
1778,47,2,3,0,30,55
1779,98,4,0,1,112,81
1780,88,3,3,0,112,95
1781,98,2,1,1,114,47
1782,59,0,3,0,46,69
1783,65,0,3,1,30,115
1784,44,3,0,0,72,145
1785,92,1,3,1,108,77
1786,24,4,0,1,114,3
1787,36,1,0,0,198,123
1788,85,4,1,0,198,59
1789,43,4,1,1,74,23
1790,27,0,2,1,176,83
1791,65,2,0,0,172,139
1792,77,3,2,1,120,141
1793,51,2,3,0,168,111
1794,53,1,3,1,146,31
1795,68,3,3,0,20,155
1796,99,0,2,1,166,57
1797,23,4,0,1,14,97
1798,25,3,0,1,120,87
1799,9,2,1,1,60,163
1800,58,4,3,1,68,135
1801,3,1,3,1,96,167
1802,57,1,2,0,108,199
1803,74,1,1,0,74,59
1804,64,2,2,1,118,127
1805,57,4,0,1,176,29
1806,1,1,1,1,144,165
1807,44,2,3,1,166,97
1808,59,2,1,1,42,179
1809,24,0,3,0,0,179
1810,93,1,1,1,162,85
1811,85,2,1,1,178,83
1812,31,4,0,1,8,195
1813,50,2,1,0,174,159
1814,12,1,3,0,52,171
1815,86,4,3,1,78,49
1816,56,1,1,0,94,39
1817,81,0,3,0,152,19
1818,63,2,0,0,8,157
1819,64,0,2,0,168,99
1820,34,4,1,0,198,13
1821,3,0,2,0,126,173
1822,83,0,2,0,192,25
1823,67,0,0,0,122,129
1824,57,3,3,0,20,91
1825,62,4,2,1,50,161
1826,33,2,0,0,74,177
1827,13,2,3,0,110,115
1828,35,0,3,0,30,101
1829,33,3,0,1,64,165
1830,1,4,3,1,48,43
1831,28,0,3,0,94,33
1832,42,1,3,0,88,61
1833,0,0,2,0,16,77
1834,94,4,3,1,128,153
1835,77,4,2,1,186,7
1836,38,4,2,1,64,71
1837,75,1,1,1,118,107
1838,61,4,3,0,28,27
1839,58,1,3,0,46,165
1840,77,3,2,0,180,91
1841,68,1,0,1,190,99
1842,78,2,2,0,178,183
1843,35,3,3,1,46,151
1844,12,1,0,1,188,129
1845,90,4,2,0,62,19
1846,35,4,1,1,94,109
1847,18,0,0,0,32,131
1848,66,2,2,0,148,145
1849,30,3,1,0,50,199
1850,25,0,1,1,38,39
1851,91,4,1,1,178,25
1852,13,1,0,1,16,141
1853,18,3,0,0,28,97
1854,46,1,0,0,120,103
1855,3,2,0,0,92,89
1856,50,0,3,0,12,101
1857,34,4,3,0,44,187
1858,98,0,3,0,48,67
1859,81,1,0,0,22,183
1860,59,1,1,0,162,71
1861,67,0,0,0,170,143
1862,98,3,3,0,160,17
1863,38,3,3,0,84,109
1864,35,2,0,0,180,117
1865,25,4,0,1,36,83
1866,20,3,0,1,90,71
1867,6,1,1,0,60,159
1868,94,3,3,0,100,125
1869,24,1,3,0,38,173
1870,56,4,1,0,154,29
1871,58,4,3,1,28,99
1872,70,4,1,1,56,5
1873,72,1,0,1,102,13
1874,4,3,0,1,174,199
1875,29,3,2,0,100,21
1876,17,1,0,1,182,3
1877,27,3,3,1,116,43
1878,35,2,3,1,106,151
1879,73,3,0,1,44,75
1880,58,4,0,0,184,147
1881,56,0,1,1,176,193
1882,19,0,0,1,52,191
1883,87,1,1,1,94,193
1884,53,3,1,1,0,19
1885,36,2,3,1,152,137
1886,58,0,0,1,118,125
1887,65,4,0,1,198,197
1888,34,2,3,0,162,53
1889,83,4,1,1,60,145
1890,15,1,0,0,44,61
1891,17,0,2,0,72,113
1892,69,0,1,1,64,23
1893,50,3,0,1,188,185
1894,51,1,3,1,192,93
1895,94,2,2,1,192,89
1896,18,2,2,1,24,57
1897,79,0,1,0,192,43
1898,81,2,0,1,110,131
1899,77,0,3,0,160,67
1900,39,2,1,1,74,169
1901,3,4,3,0,40,183
1902,8,0,0,0,26,73
1903,69,4,3,0,142,103
1904,56,0,0,0,14,89
1905,17,3,2,0,164,27
1906,75,1,2,1,162,189
1907,66,2,0,1,92,59
1908,27,4,3,1,8,97
1909,29,4,3,0,172,183
1910,15,2,3,1,120,165
1911,28,2,2,0,74,119
1912,82,0,0,0,70,43
1913,78,1,2,0,128,43
1914,21,4,2,0,144,99
1915,9,0,0,1,168,199
1916,85,1,3,1,82,53
1917,79,1,0,0,32,157
1918,13,3,3,0,34,103
1919,42,4,0,1,96,59
1920,19,4,1,1,110,91
1921,78,0,1,1,18,191
1922,30,0,1,0,40,13
1923,15,2,1,1,30,155
1924,87,4,0,0,156,199
1925,85,2,2,1,56,183
1926,51,0,2,0,68,149
1927,88,3,1,0,86,175
1928,31,3,2,1,124,9
1929,7,3,0,1,168,3
1930,82,1,1,0,140,109
1931,85,0,1,0,46,87
1932,76,4,0,1,180,95
1933,3,1,1,0,98,71
1934,50,0,2,0,124,125
1935,59,2,2,0,28,19
1936,0,2,0,1,156,143
1937,53,0,3,1,22,143
1938,27,0,1,1,46,87
1939,64,4,2,1,134,29
1940,26,4,3,0,98,129
1941,40,1,0,0,38,31
1942,76,2,0,1,42,93
1943,75,0,1,1,142,193
1944,37,2,0,1,72,35
1945,54,1,3,0,148,63
1946,95,4,2,1,166,195
1947,90,0,1,0,62,145
1948,51,4,1,0,166,27
1949,39,4,1,1,56,101
1950,6,0,2,1,180,171
1951,84,3,1,0,70,17
1952,58,1,0,0,128,187
1953,84,4,2,1,114,183
1954,94,2,1,1,64,127
1955,4,0,0,1,102,83
1956,67,1,2,0,56,17
1957,77,3,0,1,58,89
1958,74,0,3,0,190,15
1959,83,4,3,1,90,181
1960,76,2,2,0,14,97
1961,47,0,0,0,142,83
1962,5,1,2,0,154,1
1963,3,1,0,1,18,35
1964,70,1,1,1,196,185
1965,92,1,2,0,84,145
1966,28,0,3,1,124,191
1967,49,3,1,0,82,135
1968,91,2,1,0,148,105
1969,67,4,1,0,116,55
1970,20,1,3,1,112,163
1971,95,2,2,1,0,189
1972,69,4,1,0,16,109
1973,30,3,1,0,46,33
1974,19,1,0,1,150,69
1975,35,1,1,0,2,87
1976,57,3,0,1,26,133
1977,19,3,0,0,194,11
1978,64,3,3,0,36,195
1979,93,0,2,0,144,155
1980,99,2,2,0,64,113
1981,66,1,0,0,104,1
1982,17,2,1,1,70,127
1983,35,4,3,0,144,101
1984,97,3,1,0,96,83
1985,2,1,3,1,62,59
1986,70,0,1,1,192,15
1987,1,1,1,0,182,173
1988,52,2,1,0,8,179
1989,91,0,2,1,102,167
1990,26,2,2,1,68,157
1991,29,0,3,1,26,31
1992,52,2,0,0,128,73
1993,56,0,0,0,124,149
1994,5,0,2,0,164,171
1995,26,1,0,0,182,151
1996,62,0,3,0,106,121
1997,37,0,3,1,62,147
1998,8,2,2,1,46,23
1999,5,0,0,0,124,191
2000,68,0,2,1,68,195
2001,10,3,0,1,178,9
2002,43,2,3,0,72,15
2003,80,3,0,1,124,39
2004,77,1,3,0,80,17
2005,38,4,2,1,24,53
2006,96,0,2,1,94,77
2007,98,2,2,1,188,17
2008,44,3,2,0,10,167
2009,52,2,0,0,148,65
2010,33,1,2,0,162,87
2011,76,0,1,0,136,193
2012,34,1,2,1,88,101
2013,95,0,3,1,142,61
2014,29,1,0,0,52,67
2015,67,3,3,1,156,131
2016,39,4,3,1,158,47
2017,81,0,2,0,142,197
2018,96,3,0,0,134,183
2019,58,4,0,0,94,59
2020,73,4,2,1,116,155
2021,19,1,1,1,40,143
2022,82,3,3,1,60,161
2023,64,1,2,0,54,81
2024,69,0,3,1,6,39
2025,60,0,1,1,14,5
2026,29,2,3,0,94,151
2027,11,4,3,0,32,127
2028,81,0,3,1,60,43
2029,48,1,0,0,70,181
2030,98,3,1,1,60,17
2031,62,1,0,1,94,1
2032,82,3,2,0,158,185
2033,84,0,0,0,124,197
2034,26,0,3,1,96,27
2035,33,2,0,1,116,193
2036,69,3,3,1,158,121
2037,95,1,3,0,120,79
2038,44,4,0,0,136,173
2039,89,2,2,0,104,33
2040,89,3,0,1,130,51
2041,35,1,1,1,108,111
2042,75,1,2,1,146,45
2043,15,1,2,0,194,97
2044,46,2,3,1,142,199
2045,70,4,0,0,66,167
2046,28,0,1,1,166,99
2047,4,1,3,1,8,107
2048,36,4,1,0,132,39
2049,63,1,3,0,10,187
2050,29,1,3,0,194,53
2051,36,2,1,1,98,143
2052,21,2,3,0,66,115
2053,15,0,3,1,34,73
2054,8,4,1,1,142,123
2055,65,2,1,1,182,85
2056,6,1,0,1,164,23
2057,0,1,3,1,104,11
2058,13,2,1,0,144,151
2059,9,3,0,0,134,153
2060,53,2,3,0,198,101
2061,76,1,3,1,64,81
2062,75,4,2,1,20,157
2063,41,1,0,1,110,13
2064,55,1,0,0,4,13
2065,62,1,3,0,196,179
2066,25,0,3,0,188,145
2067,48,2,3,0,22,133
2068,21,1,0,1,184,57
2069,64,2,1,0,46,189
2070,57,4,0,1,12,17
2071,95,0,3,1,100,153
2072,70,4,3,0,22,73
2073,20,4,3,1,48,115
2074,56,4,3,1,88,85
2075,90,1,1,1,178,161
2076,46,1,1,1,70,125
2077,72,2,0,1,190,5
2078,78,1,3,1,70,173
2079,66,3,0,1,96,81
2080,44,4,2,0,166,159
2081,59,0,2,1,50,175
2082,11,4,0,1,144,43
2083,83,4,1,1,106,63
2084,3,1,3,1,16,111
2085,77,2,0,1,16,109
2086,21,4,0,1,132,193
2087,16,1,3,1,10,143
2088,48,0,1,0,50,161
2089,75,2,3,0,44,1
2090,23,4,0,0,188,89
2091,52,1,2,0,102,127
2092,72,3,3,0,0,69
2093,27,1,0,0,152,43
2094,81,4,1,0,128,83
2095,5,3,0,1,48,181
2096,77,3,0,0,114,37
2097,64,2,0,0,152,111
2098,0,3,1,1,6,13
2099,99,4,2,0,106,97
2100,24,2,1,1,130,81
2101,4,4,2,0,146,187
2102,0,2,3,0,64,157
2103,18,2,3,1,128,179
2104,98,1,0,1,182,31
2105,21,0,3,1,20,121
2106,12,4,1,0,124,67
2107,72,1,0,1,138,35
2108,45,3,3,1,198,109
2109,72,2,1,1,24,177
2110,14,2,2,0,164,137
2111,13,2,0,0,98,31
2112,27,3,3,1,166,85
2113,41,4,3,1,132,173
2114,57,3,2,0,110,155
2115,49,1,0,1,100,165
2116,77,2,2,1,48,29
2117,94,3,3,1,128,3
2118,95,0,0,1,22,147
2119,99,4,2,0,90,45
2120,6,3,2,1,50,123
2121,90,1,0,0,116,127
2122,1,1,3,0,156,169
2123,95,3,0,0,188,79
2124,7,1,3,0,14,101
2125,59,1,1,1,140,5
2126,82,3,1,1,150,113
2127,47,2,0,1,14,31
2128,13,4,3,1,100,49
2129,17,4,2,1,146,149
2130,15,0,0,1,188,197
2131,37,4,2,1,140,119
2132,60,4,0,0,126,47
2133,62,4,2,1,64,15
2134,59,1,0,1,132,67
2135,6,3,0,0,182,67
2136,84,3,2,0,190,41
2137,77,1,1,1,182,123
2138,87,2,3,0,152,109
2139,77,2,1,1,14,103
2140,27,1,0,1,118,159
2141,54,1,2,1,136,63
2142,0,0,3,0,98,107
2143,71,3,0,1,72,93
2144,25,1,0,1,154,97
2145,90,4,0,1,180,63
2146,65,2,3,1,54,87
2147,26,0,2,0,128,139
2148,52,4,0,0,64,191
2149,73,2,2,1,22,83
2150,35,3,3,0,78,139
2151,98,2,2,0,16,107
2152,50,3,2,1,68,125
2153,46,3,0,1,120,133
2154,15,3,2,1,148,153
2155,23,2,0,1,106,127
2156,27,1,0,0,112,115
2157,14,1,3,0,158,181
2158,54,1,2,1,12,115
2159,87,2,2,1,138,195
2160,87,0,0,0,58,95
2161,24,0,2,0,106,139
2162,8,0,0,0,192,125
2163,37,3,3,1,146,57
2164,2,3,1,0,108,87
2165,87,1,0,0,130,37
2166,71,2,0,1,186,107
2167,49,0,3,1,198,115
2168,73,1,1,1,66,153
2169,87,3,2,1,72,119
2170,46,4,0,1,170,37
2171,38,0,0,1,18,7
2172,98,3,1,0,188,139
2173,72,1,2,1,180,19
2174,20,2,1,1,90,175
2175,96,0,0,1,106,69
2176,21,1,3,1,48,137
2177,85,1,1,1,42,151
2178,25,1,1,0,124,55
2179,40,2,3,0,152,99
2180,17,0,1,1,12,69
2181,89,4,3,0,94,11
2182,54,2,2,0,40,183
2183,75,3,3,0,98,11
2184,9,4,3,1,168,99
2185,44,4,1,1,0,19
2186,53,0,0,1,166,125
2187,11,2,2,1,102,65
2188,10,2,1,0,60,125
2189,91,2,3,0,152,179
2190,62,2,0,0,28,169
2191,67,2,0,1,182,163
2192,60,0,0,0,190,47
2193,72,2,2,1,62,193
2194,65,3,2,0,152,167
2195,55,3,3,1,64,119
2196,63,2,0,1,164,1
2197,30,3,1,0,164,93
2198,43,1,0,1,130,153
2199,94,2,1,0,82,35
2200,54,0,0,1,84,83
2201,63,1,1,1,86,105
2202,96,0,3,1,38,17
2203,30,4,3,0,86,93
2204,92,2,2,1,198,165
2205,12,1,3,1,160,169
2206,33,2,2,0,134,111
2207,72,1,3,0,92,145
2208,56,2,1,0,102,89
2209,97,2,1,1,52,189
2210,11,3,0,0,128,85
2211,38,1,2,0,176,31
2212,77,4,1,1,10,29
2213,35,3,0,0,48,9
2214,55,4,1,0,158,157
2215,80,1,1,0,92,161
2216,42,4,2,0,60,79
2217,25,0,3,1,50,1
2218,14,3,3,0,58,107
2219,68,0,2,1,32,89
2220,58,4,1,1,36,81
2221,46,0,0,1,154,155
2222,24,1,1,1,102,103
2223,87,0,1,1,54,93
2224,25,3,1,1,64,183
2225,50,1,3,0,74,119
2226,17,4,3,1,140,101
2227,41,2,1,0,118,185
2228,50,4,2,1,144,173
2229,26,3,0,0,134,187
2230,49,4,0,1,178,61
2231,8,3,2,1,72,73
2232,51,1,2,0,26,119
2233,16,0,3,1,158,169
2234,70,3,0,0,48,173
2235,30,1,3,0,62,57
2236,97,1,1,0,96,115
2237,83,1,3,1,104,165
2238,73,4,0,1,110,17
2239,4,3,3,0,88,101
2240,53,4,3,0,128,181
2241,91,0,0,1,192,19
2242,68,2,1,1,88,167
2243,4,0,2,1,34,115
2244,82,0,2,0,26,75
2245,51,2,1,1,52,69
2246,77,0,3,0,148,177
2247,16,0,0,0,160,191
2248,75,1,3,1,176,187
2249,30,0,2,0,24,171
2250,75,0,1,1,164,15
2251,59,3,3,1,98,19
2252,35,1,0,0,64,93
2253,86,2,3,0,120,115
2254,20,0,2,1,56,151
2255,61,1,2,0,162,101
2256,47,1,1,0,134,59
2257,54,4,0,0,166,67
2258,77,0,0,1,20,1
2259,35,0,3,1,122,197
2260,80,3,1,1,134,193
2261,4,3,1,0,68,39
2262,64,3,3,1,78,127
2263,3,2,1,1,170,17
2264,67,0,2,0,8,89
2265,30,0,2,1,108,179
2266,95,3,0,1,160,79
2267,58,4,2,1,98,47
2268,58,3,3,0,20,77
2269,9,4,3,0,76,91
2270,62,4,3,0,160,185
2271,56,2,3,0,14,155
2272,21,4,0,0,60,111
2273,24,0,0,0,44,171
2274,0,2,3,0,56,29
2275,15,4,1,1,8,33
2276,46,3,2,1,156,63
2277,70,2,1,1,48,13
2278,60,2,2,1,136,23
2279,9,2,0,1,188,73
2280,68,1,3,1,34,97
2281,8,2,0,1,136,77
2282,60,3,3,0,44,87
2283,90,0,2,0,2,9
2284,41,0,0,1,62,95
2285,44,2,2,0,118,77
2286,15,2,2,1,150,49
2287,21,0,1,0,44,83
2288,2,2,1,0,122,109
2289,64,1,2,1,54,35
2290,8,1,1,0,2,93
2291,67,2,1,0,36,165
2292,76,0,3,1,128,77
2293,2,2,0,0,72,27
2294,10,4,0,1,146,7
2295,65,4,3,1,198,111
2296,95,0,1,1,14,163
2297,13,1,3,0,126,7
2298,94,4,2,1,96,87
2299,70,4,1,1,184,181
2300,85,3,0,0,92,91
2301,74,4,3,1,52,143
2302,28,2,3,0,76,37
2303,20,2,3,0,54,113
2304,16,4,1,1,126,9
2305,2,3,0,0,102,77
2306,24,1,2,1,104,95
2307,27,2,3,0,166,129
2308,2,4,1,1,86,25
2309,94,2,1,1,34,93
2310,51,2,2,1,112,143
2311,71,0,1,0,166,177
2312,60,1,1,0,170,145
2313,60,4,2,0,18,137
2314,95,4,0,1,28,169
2315,58,1,1,0,166,63
2316,11,3,2,0,74,127
2317,92,0,1,0,156,121
2318,97,2,3,1,140,165
2319,33,0,1,0,176,27
2320,21,3,0,1,56,81
2321,16,2,0,1,106,37
2322,18,4,3,0,142,69
2323,37,4,0,0,6,77
2324,7,1,2,0,160,47
2325,30,0,2,0,4,63
2326,51,3,2,1,126,143
2327,47,0,3,0,14,163
2328,71,4,0,0,10,131
2329,51,2,2,1,114,9
2330,4,1,1,0,58,9
2331,24,0,3,0,76,9
2332,56,2,2,0,148,89
2333,86,0,1,1,162,179
2334,86,4,2,1,58,35
2335,39,0,2,1,40,171
2336,79,3,1,0,102,65
2337,58,3,2,1,26,115
2338,69,4,1,1,152,189
2339,6,0,3,1,76,127
2340,86,2,3,1,50,193
2341,63,2,3,0,138,199
2342,58,3,3,1,62,183
2343,51,0,1,1,198,113
2344,83,3,0,0,76,111
2345,37,1,3,0,178,43
2346,85,1,3,0,64,89
2347,34,2,1,0,66,21
2348,9,0,0,1,28,19
2349,97,3,2,1,20,67
2350,72,2,3,1,56,89
2351,63,1,3,1,138,61
2352,12,1,1,1,124,85
2353,83,4,3,1,70,165
2354,74,4,2,1,178,25
2355,14,3,3,0,62,49
2356,45,4,0,1,102,75
2357,27,0,2,1,196,21
2358,89,3,2,1,2,85
2359,24,4,3,0,122,151
2360,69,4,0,1,188,197
2361,58,2,1,1,98,151
2362,38,2,0,1,98,97
2363,58,2,3,1,66,3
2364,42,0,0,0,182,57
2365,51,2,2,0,154,101
2366,4,3,0,1,56,15
2367,94,1,2,0,76,5
2368,21,4,2,0,38,19
2369,69,3,1,0,164,39
2370,6,3,3,1,148,81
2371,97,2,1,1,158,95
2372,93,2,0,1,6,1
2373,33,4,3,0,20,119
2374,57,4,0,0,78,77
2375,56,3,1,0,52,147
2376,15,2,2,1,158,47
2377,91,0,3,1,0,101
2378,30,0,1,1,194,3
2379,35,4,1,0,132,47
2380,16,0,2,0,54,151
2381,21,2,2,1,90,61
2382,35,2,0,0,134,17
2383,12,1,3,0,194,131
2384,92,4,3,1,172,107
2385,46,3,2,0,98,51
2386,12,3,2,1,100,141
2387,55,1,0,0,172,103
2388,52,1,1,0,84,195
2389,63,0,1,1,24,77
2390,40,0,3,1,184,81
2391,32,4,1,0,106,75
2392,59,1,2,1,70,185
2393,83,1,2,0,196,75
2394,95,2,1,1,122,197
2395,90,3,1,0,190,169
2396,92,2,3,1,44,37
2397,26,1,3,0,192,105
2398,92,0,1,0,114,91
2399,69,3,0,0,154,165
2400,91,1,1,1,144,115
2401,92,2,3,0,108,179
2402,61,0,1,1,192,171
2403,49,1,3,1,114,43
2404,10,3,1,0,22,83
2405,51,1,3,0,4,185
2406,84,3,3,1,32,69
2407,18,1,1,0,6,181
2408,49,1,0,1,20,119
2409,21,1,0,1,22,165
2410,54,1,3,1,48,161
2411,43,0,1,1,74,187
2412,8,2,3,0,194,133
2413,16,3,0,0,8,173
2414,18,1,1,0,160,23
2415,87,0,1,1,124,35
2416,74,4,3,0,164,87
2417,56,2,2,0,156,85
2418,83,4,1,0,64,155
2419,86,4,1,1,24,187
2420,98,0,2,1,90,113
2421,93,4,2,0,48,39
2422,39,2,1,0,156,191
2423,15,4,1,0,198,99
2424,89,1,3,1,100,51
2425,9,1,2,1,168,129
2426,89,3,1,1,116,3
2427,18,1,0,0,122,11
2428,8,1,2,0,114,173
2429,55,2,3,1,14,75
2430,64,3,3,1,54,71
2431,63,1,0,0,132,161
2432,22,4,0,1,142,171
2433,7,2,0,0,172,123
2434,83,0,0,1,90,163
2435,58,3,0,1,38,31
2436,45,1,1,1,24,61
2437,16,0,0,1,18,139
2438,42,4,1,0,104,173
2439,7,3,3,0,10,175
2440,41,1,0,0,150,79
2441,46,0,2,1,114,77
2442,47,4,1,1,180,195
2443,77,3,2,0,176,157
2444,61,3,3,0,116,133
2445,93,0,1,0,126,181
2446,15,4,2,0,74,197
2447,87,2,2,1,178,189
2448,94,0,1,0,50,145
2449,27,1,1,0,36,99
2450,94,4,1,1,18,45
2451,3,2,0,1,142,69
2452,78,2,2,1,172,65
2453,16,4,3,1,118,3
2454,79,1,3,1,82,141
2455,3,4,2,0,142,185
2456,98,4,3,0,90,195
2457,87,1,1,1,128,135
2458,44,1,0,0,90,85
2459,18,0,3,1,140,63
2460,17,1,2,0,2,23
2461,44,4,3,0,0,191
2462,6,3,1,1,136,3
2463,66,2,1,1,42,153
2464,19,3,0,0,50,63
2465,82,2,1,1,140,39
2466,2,4,3,1,124,171
2467,54,0,0,1,144,17
2468,26,0,2,1,116,9
2469,36,2,1,1,126,35
2470,94,2,3,0,182,191
2471,82,2,2,0,188,61
2472,62,3,3,1,158,107
2473,42,3,0,1,158,149
2474,48,0,0,0,184,43
2475,54,4,2,0,88,53
2476,10,3,3,0,162,143
2477,44,2,2,0,66,159
2478,63,2,1,0,98,25
2479,29,0,1,0,68,167
2480,79,1,2,0,120,33
2481,71,4,3,1,144,13
2482,98,1,2,0,48,59
2483,50,1,3,0,142,69
2484,84,4,3,0,44,191
2485,50,3,0,0,182,103
2486,25,1,1,1,68,5
2487,98,2,3,1,172,125
2488,86,2,3,1,44,185
2489,55,1,2,1,76,49
2490,91,3,0,0,114,145
2491,75,4,3,1,48,99
2492,45,4,0,0,54,183
2493,71,4,1,1,146,25
2494,26,4,2,1,168,175
2495,65,0,1,1,14,57
2496,99,0,3,1,76,49
2497,93,4,1,1,74,147
2498,93,4,1,1,62,143
2499,0,3,1,1,24,63
2500,48,1,3,1,164,3
2501,37,0,1,1,28,57
2502,38,1,1,1,66,69
2503,72,0,0,1,140,149
2504,76,1,3,1,66,53
2505,89,2,2,1,136,9
2506,40,3,3,1,64,133
2507,79,3,0,1,24,135
2508,14,4,2,0,98,15
2509,47,4,2,1,126,167
2510,33,0,2,0,38,37
2511,94,3,0,0,162,101
2512,40,4,0,1,12,85
2513,6,0,0,0,118,157
2514,86,1,0,0,16,183
2515,14,3,3,0,136,71
2516,26,4,1,0,148,59
2517,93,0,1,0,18,179
2518,82,1,0,0,16,35
2519,66,2,3,1,120,79
2520,73,0,1,1,184,173
2521,48,0,3,1,80,47
2522,80,4,0,1,98,101
2523,74,2,1,1,198,135
2524,12,1,1,0,34,5
2525,43,1,1,1,94,25
2526,19,4,3,0,130,83
2527,19,1,0,1,156,135
2528,63,2,1,1,52,111
2529,16,1,3,0,194,181
2530,71,0,1,0,124,163
2531,23,2,1,1,28,151
2532,96,4,2,1,70,37
2533,71,3,1,0,34,29
2534,26,0,0,0,44,147
2535,67,1,3,0,90,65
2536,78,4,2,1,156,53
2537,16,2,0,0,84,107
2538,51,1,2,0,114,173
2539,46,3,1,0,188,57
2540,79,3,1,1,92,161
2541,64,2,2,1,178,167
2542,48,1,0,0,188,185
2543,47,4,0,1,18,11
2544,0,2,0,0,34,11
2545,29,2,2,0,166,83
2546,13,1,0,0,30,99
2547,29,4,0,0,28,193
2548,70,3,3,0,196,149
2549,7,1,1,1,48,89
2550,64,3,3,0,100,171
2551,52,4,1,0,102,21
2552,2,0,1,0,168,67
2553,74,1,1,0,184,91
2554,51,1,0,1,98,119
2555,65,3,0,1,154,117
2556,16,3,0,1,154,135
2557,13,0,0,0,86,137
2558,6,3,2,1,66,21
2559,81,3,2,1,58,81
2560,88,1,3,0,38,133
2561,29,2,2,0,16,189
2562,42,4,3,1,16,63
2563,7,2,0,0,108,193
2564,67,4,2,0,148,195
2565,39,1,2,1,192,119
2566,13,4,3,1,126,161
2567,9,4,2,1,38,39
2568,6,0,1,0,182,33
2569,65,0,1,0,146,71
2570,67,1,3,0,48,157
2571,41,2,2,0,196,173
2572,69,3,1,1,114,75
2573,57,4,3,0,14,43
2574,85,3,2,1,54,187
2575,58,0,3,1,148,165
2576,97,2,1,1,122,77
2577,78,2,0,1,124,145
2578,13,2,3,1,168,85
2579,22,4,0,1,20,125
2580,75,1,1,0,186,25
2581,86,2,0,1,6,173
2582,85,3,1,1,108,113
2583,30,2,3,0,162,123
2584,21,1,2,1,126,61
2585,76,1,3,1,132,161
2586,47,4,2,0,136,189
2587,21,4,3,0,186,171
2588,80,0,1,0,60,113
2589,50,3,1,1,0,147
2590,41,3,1,0,164,83
2591,85,4,1,1,132,99
2592,93,0,1,0,150,183
2593,19,0,0,1,198,197
2594,53,0,3,1,96,183
2595,91,0,3,1,56,77
2596,10,3,1,0,8,155
2597,49,2,0,1,146,127
2598,52,2,3,0,90,9
2599,21,2,2,1,180,49
2600,51,4,3,0,176,123
2601,36,0,1,1,44,7
2602,37,0,3,0,76,109
2603,18,0,2,1,72,5
2604,26,3,2,1,28,123
2605,42,4,2,1,76,39
2606,72,2,2,0,6,35
2607,13,3,1,0,26,19
2608,95,1,1,0,66,7
2609,29,3,0,1,100,139
2610,57,2,2,1,70,25
2611,94,4,0,0,20,55
2612,40,4,2,0,160,51
2613,25,3,3,1,56,11
2614,24,0,0,0,166,17
2615,73,1,3,1,172,117
2616,17,1,1,1,170,189
2617,35,2,0,1,14,75
2618,40,0,0,1,194,93
2619,64,1,2,0,188,191
2620,54,2,3,1,8,133
2621,91,1,2,0,128,73
2622,62,2,3,1,24,9
2623,5,0,3,1,68,1
2624,80,0,3,1,42,99
2625,20,3,1,0,180,163
2626,23,3,1,1,22,57
2627,92,4,3,0,170,19
2628,21,4,3,1,38,59
2629,17,3,3,0,72,65
2630,69,2,2,0,26,59
2631,0,1,0,1,96,91
2632,25,0,0,0,90,143
2633,10,4,3,0,0,135
2634,46,2,2,1,188,1
2635,54,2,3,1,140,37
2636,1,4,0,1,56,45
2637,90,2,2,1,28,81
2638,72,4,3,1,140,105
2639,88,1,1,1,190,103
2640,11,4,2,1,150,147
2641,13,0,0,0,144,41
2642,36,1,3,1,110,187
2643,18,3,1,1,0,173
2644,7,2,0,0,188,47
2645,66,1,0,1,66,23
2646,47,4,3,0,190,23
2647,29,0,1,1,48,43
2648,83,3,1,0,196,181
2649,5,0,1,0,28,65
2650,12,0,1,0,180,123
2651,20,0,1,0,66,33
2652,36,2,3,0,26,71
2653,90,0,2,0,74,143
2654,60,1,1,1,104,49
2655,11,3,1,1,126,51
2656,80,0,0,0,154,121
2657,68,0,0,1,72,103
2658,31,4,2,1,20,127
2659,38,4,2,1,22,67
2660,97,2,1,0,8,101
2661,59,0,0,1,62,177
2662,84,2,0,1,188,41
2663,22,2,2,0,160,139
2664,51,3,3,1,182,143
2665,62,0,2,0,166,57
2666,73,1,3,0,178,11
2667,55,0,1,1,144,45
2668,54,4,1,1,126,83
2669,55,0,3,1,118,133
2670,40,2,3,1,68,11
2671,11,0,3,0,60,67
2672,1,0,2,0,114,113
2673,25,0,1,1,174,65
2674,21,1,0,0,122,167
2675,14,3,3,1,46,151
2676,76,0,1,0,6,123
2677,16,4,0,0,136,167
2678,71,0,1,0,122,123
2679,89,2,2,1,192,129
2680,99,1,1,0,24,197
2681,38,1,1,1,160,87
2682,88,4,1,1,188,171
2683,26,2,1,1,142,139
2684,94,4,1,1,76,15
2685,60,3,2,1,144,99
2686,84,1,3,0,110,75
2687,74,1,0,1,172,197
2688,21,2,2,1,182,129
2689,15,2,2,1,78,89
2690,94,3,0,1,134,127
2691,10,4,1,0,132,97
2692,25,3,3,1,104,137
2693,0,3,3,0,198,61
2694,96,4,3,0,98,175
2695,67,2,0,1,48,143
2696,81,4,3,0,44,197
2697,0,2,1,1,86,67
2698,28,4,3,1,166,11
2699,38,0,2,0,104,41
2700,78,0,1,1,184,15
2701,28,3,3,1,84,139
2702,24,3,3,1,30,69
2703,82,4,3,1,74,147
2704,7,0,0,1,24,27
2705,41,0,1,0,72,119
2706,19,3,3,1,64,25
2707,85,1,2,1,98,95
2708,96,0,0,0,102,37
2709,82,2,2,0,46,93
2710,1,0,1,0,12,195
2711,68,2,2,1,168,13
2712,50,3,0,0,182,17
2713,57,1,1,0,118,89
2714,50,4,0,1,142,37
2715,68,1,2,0,78,113
2716,74,0,3,1,92,41
2717,86,4,2,0,34,193
2718,53,1,2,1,178,37
2719,80,0,1,0,64,71
2720,94,2,2,0,82,169
2721,56,4,0,0,114,149
2722,4,1,0,0,128,55
2723,44,0,3,1,150,101
2724,5,1,3,1,96,3
2725,39,0,1,0,92,43
2726,59,2,0,0,152,183
2727,10,2,0,0,62,51
2728,8,2,1,1,18,161
2729,98,1,0,1,174,157
2730,35,3,0,0,18,41
2731,85,0,2,0,130,129
2732,5,3,0,0,36,147
2733,1,3,2,0,132,63
2734,92,4,2,0,82,97
2735,59,2,1,0,140,77
2736,37,2,2,0,54,171
2737,54,4,0,1,156,93
2738,99,1,3,0,116,175
2739,16,0,2,1,64,73
2740,20,3,0,0,66,81
2741,17,2,3,1,162,155
2742,16,3,3,1,186,175
2743,10,1,2,0,82,109
2744,24,0,2,0,172,115
2745,70,1,3,1,48,95
2746,52,0,2,0,146,183
2747,39,0,2,1,120,57
2748,19,0,1,0,106,169
2749,53,3,0,1,6,7
2750,64,2,3,0,26,73
2751,28,0,0,1,104,23
2752,93,3,2,1,182,63
2753,6,1,3,1,152,59
2754,23,2,3,1,110,117
2755,17,3,2,0,160,17
2756,95,1,2,0,60,129
2757,95,4,3,0,18,65
2758,50,3,2,1,64,69
2759,3,1,2,0,12,159
2760,99,0,3,0,100,115
2761,93,1,2,0,74,179
2762,14,1,0,1,134,187
2763,50,1,3,1,80,189
2764,45,1,0,1,142,13
2765,91,0,3,1,46,169
2766,58,4,3,0,28,145
2767,83,2,0,1,26,41
2768,36,3,2,1,154,93
2769,93,1,0,1,20,13
2770,47,0,0,0,102,19
2771,63,0,2,0,174,143
2772,25,1,1,0,112,9
2773,61,2,2,0,56,79
2774,71,0,3,0,160,71
2775,75,0,1,0,96,105
2776,94,0,2,1,126,89
2777,50,0,0,1,26,129
2778,14,2,0,0,148,167
2779,96,4,0,0,154,97
2780,69,2,3,0,16,167
2781,97,0,1,1,154,141
2782,90,1,2,1,192,153
2783,30,0,3,0,0,157
2784,6,2,3,0,114,189
2785,20,2,3,0,124,107
2786,74,2,2,1,64,13
2787,49,2,0,0,6,185
2788,86,4,1,1,100,101
2789,43,2,3,1,148,45
2790,57,1,2,0,174,21
2791,72,0,2,1,16,199
2792,83,0,0,0,86,123
2793,28,4,1,1,190,69
2794,45,2,2,0,82,53
2795,16,1,2,0,30,173
2796,3,0,0,1,76,83
2797,67,3,2,0,6,167
2798,12,3,0,0,136,9
2799,88,1,0,1,130,161
2800,2,2,2,1,196,83
2801,78,1,1,0,140,79
2802,63,4,3,1,110,13
2803,98,3,3,1,134,83
2804,8,4,0,1,46,13
2805,61,3,3,1,86,193
2806,83,0,0,1,56,159
2807,78,1,0,0,32,23
2808,74,2,0,1,178,185
2809,60,0,0,0,124,93
2810,13,4,2,1,8,25
2811,19,3,2,0,32,51
2812,7,0,1,0,158,83
2813,21,2,2,1,64,145
2814,55,3,2,1,2,65
2815,70,3,3,1,128,15
2816,46,4,2,1,8,147
2817,97,0,1,1,28,161
2818,97,2,0,0,186,145
2819,90,0,1,1,46,115
2820,43,1,0,0,172,187
2821,63,2,1,1,100,35
2822,88,3,2,1,68,129
2823,42,4,3,1,140,5
2824,28,0,1,1,78,117
2825,25,1,2,0,30,139
2826,29,4,0,0,90,179
2827,57,1,2,1,192,49
2828,69,2,2,0,66,117
2829,33,0,1,1,116,163
2830,68,3,1,0,138,195
2831,31,3,0,1,106,57
2832,84,4,3,1,152,1
2833,92,4,2,0,20,105
2834,92,1,0,0,160,195
2835,72,0,1,0,128,155
2836,20,3,3,1,46,39
2837,0,1,0,1,158,193
2838,33,4,1,0,190,123
2839,40,0,3,0,64,185
2840,76,2,2,0,30,105
2841,86,1,2,0,120,179
2842,34,0,0,1,72,43
2843,6,4,2,1,36,135
2844,14,0,2,1,146,45
2845,31,2,2,1,188,11
2846,11,1,3,1,132,153
2847,50,3,2,1,162,51
2848,11,2,1,1,94,157
2849,15,2,2,1,178,119
2850,66,2,1,1,136,187
2851,13,4,3,0,126,127
2852,93,2,2,1,26,55
2853,45,3,3,1,12,51
2854,22,4,1,1,20,143
2855,2,4,1,0,102,115
2856,97,1,0,0,122,33
2857,42,0,3,0,148,187
2858,77,1,3,1,82,189
2859,9,0,2,0,114,163
2860,32,4,0,0,120,21
2861,40,1,3,0,140,95
2862,19,4,0,1,4,97
2863,77,2,3,1,62,69
2864,64,0,2,0,84,129
2865,99,3,3,1,134,107
2866,73,2,3,0,166,189
2867,93,0,2,0,166,27
2868,18,4,2,0,172,161
2869,67,4,2,0,16,111
2870,71,2,3,1,162,185
2871,72,1,3,1,106,197
2872,50,2,1,0,22,197
2873,89,3,3,0,122,103
2874,53,3,2,1,136,79
2875,76,0,3,0,54,107
2876,4,0,1,1,8,89
2877,32,2,0,1,24,77
2878,19,1,2,1,130,1
2879,15,2,3,0,126,163
2880,63,4,2,0,96,185
2881,89,4,3,1,176,5
2882,15,1,1,1,166,91
2883,55,3,2,0,64,21
2884,47,2,0,1,26,57
2885,56,4,2,0,184,151
2886,32,4,1,0,76,195
2887,13,4,3,0,40,173
2888,88,3,1,1,114,87
2889,76,0,3,0,12,31
2890,76,1,3,0,44,25
2891,27,0,3,1,190,5
2892,29,0,1,0,186,113
2893,73,4,2,1,124,17
2894,12,1,1,1,26,183
2895,18,4,3,1,150,193
2896,91,2,1,0,174,139
2897,1,1,0,0,34,61
2898,33,2,1,1,196,77
2899,62,4,1,1,138,141
2900,69,0,3,0,122,123
2901,14,0,2,0,66,83
2902,74,1,1,1,72,97
2903,77,3,0,1,166,67
2904,40,2,3,0,2,61
2905,54,4,1,1,4,99
2906,47,1,1,0,24,93
2907,69,4,3,0,164,169
2908,8,0,3,1,26,25
2909,5,1,2,1,128,47
2910,28,3,1,1,26,177
2911,57,0,1,0,130,67
2912,42,1,2,1,46,61
2913,64,2,1,1,146,195
2914,89,3,0,1,106,55
2915,37,4,1,0,116,59
2916,21,3,3,1,116,69
2917,25,3,0,1,24,77
2918,73,1,3,1,164,109
2919,8,0,2,1,62,101
2920,5,4,3,0,10,45
2921,89,2,1,0,38,87
2922,17,4,2,1,46,197
2923,4,1,1,1,34,77
2924,91,4,2,0,74,79
2925,78,4,0,1,90,39
2926,60,2,0,0,18,29
2927,78,3,0,1,62,115
2928,9,2,1,1,134,191
2929,29,4,3,0,2,147
2930,17,2,2,1,150,149
2931,86,3,0,0,104,71
2932,78,3,0,0,14,111
2933,88,3,3,1,116,175
2934,67,0,2,0,32,105
2935,38,0,1,1,70,143
2936,94,1,2,0,92,93
2937,91,2,2,0,126,175
2938,31,0,2,1,174,127
2939,20,3,0,1,158,59
2940,60,2,1,1,158,1
2941,30,0,1,1,126,25
2942,12,2,1,1,190,123
2943,85,1,0,1,132,49
2944,61,1,1,1,166,151
2945,21,4,0,0,184,95
2946,0,1,2,0,154,197
2947,52,3,3,1,4,175
2948,52,3,3,0,166,11
2949,32,1,1,0,70,85
2950,66,4,3,0,116,137
2951,86,3,2,1,102,135
2952,85,1,1,0,44,159
2953,99,1,3,1,72,99
2954,14,4,1,0,140,119
2955,88,4,2,0,172,147
2956,49,3,3,0,76,83
2957,17,3,2,0,138,163
2958,50,2,1,0,44,19
2959,53,4,0,1,114,21
2960,71,3,2,0,194,85
2961,4,3,2,0,100,155
2962,81,0,0,0,116,51
2963,90,1,0,1,54,69
2964,23,0,1,1,110,41
2965,86,4,2,1,126,1
2966,28,1,0,0,158,129
2967,10,4,1,1,114,11
2968,2,2,3,0,176,27
2969,76,4,3,1,110,175
2970,78,2,1,0,142,75
2971,41,4,0,0,42,115
2972,8,3,2,1,116,13
2973,35,1,1,0,112,7
2974,87,0,1,1,38,85
2975,23,4,3,1,174,47
2976,80,1,0,1,184,15
2977,94,0,0,1,22,111
2978,9,3,1,0,128,99
2979,40,1,0,0,86,149
2980,77,1,0,0,194,65
2981,58,1,1,1,54,187
2982,28,2,3,0,148,27
2983,60,1,3,1,96,187
2984,5,0,1,1,10,13
2985,25,2,1,0,96,153
2986,51,2,0,1,98,115
2987,94,3,1,1,120,127
2988,88,2,1,0,138,49
2989,44,1,2,1,176,187
2990,58,1,3,0,148,35
2991,84,1,1,1,152,11
2992,71,3,0,0,96,155
2993,79,1,3,1,172,121
2994,71,1,0,1,106,51
2995,11,2,3,1,98,35
2996,76,1,0,0,144,127
2997,81,0,0,0,134,105
2998,33,2,3,0,114,7
2999,29,3,2,1,156,183
3000,42,0,2,0,154,11
3001,17,2,1,1,162,47
3002,47,1,2,0,8,127
3003,86,4,3,1,72,43
3004,97,4,3,1,114,169
3005,38,3,3,0,106,79
3006,15,3,3,0,188,107
3007,20,4,3,1,40,199
3008,68,2,0,1,182,119
3009,20,2,1,1,152,81
3010,57,4,2,1,96,163
3011,66,0,3,1,16,143
3012,27,1,1,1,108,79
3013,67,3,1,0,116,147
3014,92,2,1,1,168,153
3015,74,0,0,1,166,15
3016,7,2,2,1,124,129
3017,69,1,3,0,42,157
3018,73,4,2,0,178,45
3019,63,3,1,0,94,159
3020,42,0,0,0,44,65
3021,60,3,3,0,194,95
3022,47,1,3,0,120,97
3023,88,4,0,1,116,195
3024,3,2,1,1,118,161
3025,80,0,2,1,96,11
3026,8,1,3,0,154,39
3027,92,4,2,1,196,65
3028,38,4,0,1,42,113
3029,91,4,2,0,126,11
3030,14,4,3,1,82,35
3031,22,2,2,1,24,177
3032,89,2,0,0,24,149
3033,13,1,0,1,140,135
3034,42,3,1,0,120,197
3035,46,0,3,1,108,111
3036,42,2,2,0,108,35
3037,25,1,2,0,172,27
3038,48,3,0,0,10,125
3039,98,3,0,0,172,67
3040,66,0,3,1,194,133
3041,41,0,0,1,122,167
3042,20,3,0,0,132,21
3043,34,4,0,1,178,99
3044,20,4,3,0,120,173
3045,56,1,1,1,68,29
3046,46,3,0,0,140,3
3047,33,2,3,1,152,59
3048,44,4,3,0,132,111
3049,61,1,3,0,76,103
3050,32,3,3,1,160,53
3051,22,2,0,1,184,147
3052,10,3,0,1,116,59
3053,10,4,1,0,28,35
3054,97,2,0,0,16,87
3055,78,3,3,1,20,187
3056,51,4,2,0,70,123
3057,81,2,2,0,170,105
3058,96,0,2,1,34,175
3059,85,4,1,0,62,153
3060,22,4,3,1,60,11
3061,67,4,1,1,54,93
3062,32,0,0,0,178,49
3063,87,3,3,1,140,185
3064,75,1,2,1,132,179
3065,33,0,3,1,110,131
3066,80,2,3,0,116,93
3067,88,2,0,0,34,3
3068,86,3,0,1,178,177
3069,27,4,2,0,180,155
3070,0,1,0,1,94,151
3071,8,1,2,1,116,113
3072,45,0,0,1,56,197
3073,56,0,0,0,22,15
3074,3,1,3,0,98,91
3075,44,2,0,0,76,91
3076,43,1,2,1,24,167
3077,81,4,1,0,58,91
3078,15,4,0,1,128,81
3079,96,2,1,1,130,23
3080,76,0,3,1,46,43
3081,35,4,0,0,180,11
3082,63,1,1,0,24,135
3083,61,3,2,1,156,123
3084,8,3,2,1,120,187
3085,5,0,3,1,118,61
3086,7,3,2,0,140,181
3087,40,0,3,0,10,55
3088,62,0,3,1,88,77
3089,28,2,0,0,18,95
3090,53,2,2,1,162,65
3091,88,1,2,0,174,141
3092,82,4,1,1,142,17
3093,63,4,1,1,114,149
3094,24,1,0,1,100,105
3095,46,3,2,0,192,165
3096,50,0,1,1,178,23
3097,81,3,1,0,48,57
3098,39,1,1,0,100,35
3099,55,3,2,0,92,99
3100,12,1,3,1,132,129
3101,35,1,0,0,70,95
3102,8,1,3,0,186,9
3103,86,0,3,0,70,163
3104,85,2,3,1,88,55
3105,68,3,0,0,192,143
3106,45,2,0,1,0,83
3107,40,3,0,1,14,97
3108,99,4,0,1,174,1
3109,26,0,1,0,116,5
3110,1,0,1,0,102,141
3111,34,4,1,1,98,15
3112,68,4,3,1,52,27
3113,19,1,0,0,12,101
3114,78,2,0,1,100,51
3115,73,0,3,1,180,25
3116,58,0,0,0,110,137
3117,41,2,1,0,80,199
3118,46,1,3,0,32,143
3119,29,1,3,1,60,19
3120,65,0,0,1,24,139
3121,10,0,1,1,0,47
3122,36,3,2,1,4,29
3123,58,0,3,1,178,147
3124,73,4,0,1,122,119
3125,15,3,1,1,60,45
3126,80,4,0,0,156,75
3127,51,4,2,0,158,11
3128,4,0,3,1,112,21
3129,10,3,3,0,148,115
3130,9,3,1,0,166,151
3131,9,0,0,0,24,169
3132,89,1,1,1,174,199
3133,38,3,1,0,120,63
3134,20,0,3,0,2,95
3135,29,4,2,1,148,133
3136,98,1,2,0,30,155
3137,83,0,0,0,14,185
3138,18,0,3,0,198,51
3139,76,0,0,0,102,173
3140,40,2,2,0,166,15
3141,14,2,0,0,142,151
3142,44,2,2,0,122,21
3143,52,1,1,0,158,19
3144,41,3,2,0,144,97
3145,81,0,0,1,180,135
3146,45,2,1,1,8,129
3147,6,2,3,1,124,117
3148,92,2,0,0,64,57
3149,1,1,2,1,32,127
3150,92,2,2,0,50,193
3151,5,1,1,1,28,77
3152,39,2,3,1,104,157
3153,40,1,1,1,180,35
3154,19,0,3,1,192,43
3155,94,1,2,0,34,111
3156,37,4,1,0,4,57
3157,64,2,0,0,158,161
3158,29,1,1,1,148,109
3159,55,0,0,0,10,21
3160,60,4,3,1,178,65
3161,74,2,1,0,28,59
3162,85,3,2,1,72,129
3163,63,0,2,1,94,177
3164,0,1,2,1,62,187
3165,0,3,2,0,192,159
3166,6,4,1,0,94,91
3167,99,1,1,0,4,53
3168,42,1,0,0,124,165
3169,68,0,3,0,106,137
3170,23,3,3,1,138,31
3171,58,2,0,0,14,9
3172,83,2,0,1,194,57
3173,25,1,2,0,102,109
3174,47,0,0,1,148,155
3175,36,1,3,1,60,33
3176,4,3,2,1,168,99
3177,82,4,2,1,136,7
3178,7,3,3,0,58,113
3179,37,0,2,1,174,173
3180,71,3,1,0,20,27
3181,90,1,1,1,82,15
3182,86,3,0,1,166,33
3183,20,3,1,0,146,143
3184,50,3,0,0,116,171
3185,26,1,0,0,20,161
3186,21,1,1,0,160,111
3187,59,1,1,0,40,143
3188,28,2,3,0,56,113
3189,88,3,0,0,34,53
3190,35,3,2,0,96,157
3191,27,0,1,1,182,95
3192,67,2,3,1,188,135
3193,43,2,1,0,128,199
3194,12,2,0,1,150,119
3195,29,2,1,0,140,29
3196,17,4,0,0,46,51
3197,75,1,2,0,118,121
3198,78,1,2,1,180,103
3199,88,4,2,0,22,189
3200,86,0,0,1,76,63
3201,64,2,3,1,38,55
3202,28,3,2,1,122,17
3203,65,1,1,0,24,47
3204,72,4,1,0,108,95
3205,81,1,1,1,188,55
3206,12,0,3,0,142,59
3207,41,2,2,1,16,101
3208,27,0,3,1,136,177
3209,57,1,2,0,90,153
3210,9,4,2,1,172,199
3211,98,4,3,0,122,53
3212,40,4,3,1,116,195
3213,87,4,1,1,136,49
3214,20,0,1,1,136,173
3215,98,0,0,1,0,131
3216,62,3,1,0,186,123
3217,25,1,1,1,164,151
3218,28,1,0,1,94,17
3219,39,0,0,0,8,81
3220,80,2,3,0,190,149
3221,13,0,3,0,172,181
3222,25,0,1,1,16,61
3223,78,0,3,1,198,117
3224,33,0,0,0,112,37
3225,16,2,3,0,138,51
3226,61,3,2,0,186,169
3227,11,1,1,1,166,73
3228,79,3,0,0,198,67
3229,29,2,3,0,118,31
3230,2,1,1,0,18,155
3231,15,2,3,0,64,131
3232,71,4,1,0,28,165
3233,39,3,0,0,158,173
3234,85,2,0,0,48,9
3235,92,4,2,1,172,51
3236,37,4,0,1,44,57
3237,97,3,3,0,176,109
3238,15,1,1,0,152,109
3239,29,4,2,1,94,73
3240,30,3,3,1,196,29
3241,37,4,2,1,58,97
3242,56,3,3,0,80,131
3243,53,4,3,1,182,135
3244,27,1,3,1,26,159
3245,92,2,0,1,14,79
3246,88,3,2,1,180,181
3247,23,1,0,1,50,83
3248,23,4,0,1,62,1
3249,1,4,1,1,156,177
3250,96,3,2,0,92,81
3251,10,1,0,1,114,147
3252,52,1,0,0,16,169
3253,16,4,2,1,18,13
3254,16,1,1,0,38,195
3255,9,3,0,0,184,69
3256,34,0,2,1,160,127
3257,93,2,1,1,186,145
3258,17,3,2,0,48,41
3259,55,1,3,1,132,107
3260,70,3,1,1,82,55
3261,53,2,2,1,94,45
3262,93,4,2,1,100,181
3263,84,4,1,1,126,49
3264,79,3,3,1,176,107
3265,3,0,1,0,92,63
3266,75,4,3,1,164,135
3267,85,0,0,0,110,85
3268,68,2,2,1,112,153
3269,59,4,0,1,154,179
3270,46,3,2,0,184,13
3271,45,3,1,0,96,19
3272,77,1,0,1,198,119
3273,2,3,0,1,50,169
3274,20,1,1,1,38,83
3275,45,0,2,1,4,47
3276,33,4,3,0,54,109
3277,70,1,0,1,48,153
3278,73,0,3,0,124,23
3279,50,4,1,1,80,49
3280,22,1,1,0,24,131
3281,24,0,2,1,28,7
3282,36,2,2,1,34,195
3283,71,1,0,0,80,93
3284,5,0,1,1,182,119
3285,47,4,1,1,104,91
3286,56,0,0,0,178,39
3287,46,0,0,1,170,135
3288,13,1,0,1,164,1
3289,72,0,2,1,152,109
3290,17,3,0,1,90,21
3291,59,1,2,1,50,185
3292,87,2,2,0,184,7
3293,84,1,1,0,190,197
3294,28,0,3,1,56,193
3295,32,2,1,1,26,1
3296,95,2,3,1,172,33
3297,39,2,1,0,92,77
3298,43,2,3,1,126,111
3299,66,0,0,1,180,9
3300,42,3,0,0,136,197
3301,43,2,1,0,60,147
3302,49,4,2,1,24,75
3303,82,1,1,0,132,83
3304,3,1,2,0,130,133
3305,38,3,3,0,102,47
3306,37,0,2,0,106,187
3307,45,1,1,0,104,121
3308,12,0,0,0,190,161
3309,98,2,1,0,120,163
3310,38,3,3,0,164,99
3311,16,4,1,0,188,9
3312,95,2,0,0,66,171
3313,56,2,0,1,40,71
3314,27,4,3,0,40,33
3315,0,3,2,1,4,155
3316,51,2,3,0,196,79
3317,36,3,2,0,126,15
3318,99,1,1,0,146,71
3319,3,4,1,1,120,69
3320,89,3,3,1,46,19
3321,9,2,1,0,42,47
3322,31,4,1,1,40,57
3323,77,0,0,1,150,31
3324,96,0,1,0,76,181
3325,24,2,0,1,26,65
3326,66,4,2,0,40,95
3327,93,1,0,1,34,9
3328,98,0,2,0,142,163
3329,2,1,2,1,26,13
3330,74,1,0,0,132,21
3331,98,3,2,0,38,47
3332,63,3,3,1,196,193
3333,93,4,1,0,80,123
3334,62,0,0,0,184,1
3335,24,2,1,0,120,141
3336,93,3,0,0,102,143
3337,37,4,0,1,122,129
3338,23,3,3,0,32,101
3339,48,0,1,1,148,187
3340,2,3,1,0,194,151
3341,61,4,3,1,54,53
3342,65,2,3,1,192,95
3343,54,4,1,1,126,131
3344,42,1,1,0,112,97
3345,83,4,2,0,186,73
3346,43,3,3,1,30,143
3347,56,0,3,0,88,193
3348,75,3,0,1,174,137
3349,80,3,0,1,6,197
3350,40,3,0,1,28,95
3351,60,0,1,1,128,69
3352,49,2,0,1,114,55
3353,71,3,2,1,56,167
3354,34,0,1,0,96,127
3355,70,1,3,0,36,11
3356,60,4,2,1,170,173
3357,57,4,0,0,122,57
3358,75,2,2,0,86,79
3359,70,2,3,0,138,63
3360,19,4,1,1,18,93
3361,47,2,0,1,124,97
3362,93,3,2,1,8,133
3363,40,3,3,0,74,193
3364,59,1,0,1,196,199
3365,76,2,0,0,112,13
3366,23,1,0,1,94,179
3367,51,3,0,1,172,89
3368,54,3,1,1,48,71
3369,37,1,1,0,72,7
3370,84,3,0,1,184,149
3371,24,1,2,1,22,131
3372,73,3,3,1,182,95
3373,52,3,2,1,198,135
3374,77,2,0,1,12,133
3375,75,0,3,0,174,97
3376,59,2,0,1,20,117
3377,44,1,1,0,42,169
3378,57,3,2,1,146,175
3379,61,1,2,1,2,191
3380,17,2,3,1,80,117
3381,65,2,1,0,100,21
3382,23,4,1,0,66,99
3383,87,2,2,1,18,123
3384,13,2,0,0,170,21
3385,73,2,0,1,166,93
3386,47,2,1,0,2,111
3387,50,2,2,0,156,175
3388,34,1,1,1,184,175
3389,7,4,3,1,146,9
3390,64,4,0,0,70,109
3391,28,0,1,0,6,193
3392,88,2,1,0,84,113
3393,0,3,1,1,168,11
3394,7,2,3,0,78,135
3395,1,2,1,1,100,135
3396,21,1,0,1,194,103
3397,60,3,1,0,158,197
3398,86,1,0,1,72,5
3399,31,0,2,0,180,71
3400,39,3,0,0,128,5
3401,60,3,3,0,82,161
3402,35,3,0,1,116,83
3403,65,1,3,1,152,139
3404,32,3,1,0,60,71
3405,23,2,0,1,80,113
3406,80,4,0,1,66,79
3407,51,4,1,0,102,131
3408,14,2,2,0,70,115
3409,70,0,1,0,176,119
3410,57,3,2,1,106,31
3411,72,2,1,0,44,31
3412,51,3,3,1,2,155
3413,48,4,3,0,78,119
3414,61,0,0,0,130,197
3415,44,1,0,1,142,141
3416,11,0,2,0,140,153
3417,70,4,1,1,28,199
3418,94,3,3,0,34,145
3419,91,2,0,0,198,5
3420,23,3,1,1,26,183
3421,76,1,1,1,18,75
3422,17,2,0,1,18,171
3423,60,2,2,1,108,169
3424,93,0,1,1,172,161
3425,17,1,1,1,164,169
3426,69,3,0,1,112,99
3427,67,2,1,1,198,77
3428,36,1,0,0,118,73
3429,84,3,3,1,136,103
3430,37,0,0,1,24,33
3431,60,0,3,0,148,93
3432,78,0,2,1,128,123
3433,10,2,3,0,124,171
3434,7,1,1,1,190,1
3435,39,0,0,0,94,91
3436,3,2,1,0,26,157
3437,77,1,2,1,114,175
3438,32,2,3,0,174,147
3439,68,1,0,1,128,85
3440,55,2,3,1,4,29
3441,52,4,0,1,174,27
3442,68,0,3,0,142,31
3443,40,4,3,1,170,91
3444,81,3,3,0,78,27
3445,84,0,1,0,196,85
3446,46,0,1,0,144,1
3447,35,4,2,1,112,191
3448,25,2,2,0,190,135
3449,35,1,1,0,158,85
3450,3,1,1,0,162,119
3451,46,1,1,0,64,63
3452,16,1,3,1,114,3
3453,27,1,3,0,132,195
3454,19,1,1,1,164,101
3455,11,4,1,0,196,21
3456,42,2,1,1,36,97
3457,85,4,3,0,8,101
3458,20,1,3,1,18,39
3459,65,4,2,1,126,75
3460,59,1,2,1,144,129
3461,12,4,0,0,128,137
3462,18,2,2,0,162,99
3463,21,1,0,1,130,77
3464,50,1,2,0,166,107
3465,51,0,1,1,160,99
3466,44,3,3,0,170,127
3467,8,3,3,1,152,5
3468,73,3,1,0,158,127
3469,62,2,0,0,174,163
3470,69,4,0,0,34,19
3471,95,2,3,0,176,49
3472,83,1,2,0,190,191
3473,89,4,1,1,134,189
3474,66,0,0,1,10,165
3475,31,2,1,1,170,87
3476,77,2,1,1,80,77
3477,17,3,3,1,106,77
3478,60,3,1,0,164,143
3479,58,0,1,0,174,15
3480,9,0,0,1,180,159
3481,11,3,1,1,108,129
3482,59,4,1,1,152,177
3483,10,2,1,0,98,35
3484,27,1,0,0,182,169
3485,23,0,2,0,132,183
3486,63,3,0,0,56,109
3487,28,0,2,0,170,157
3488,4,2,1,1,96,85
3489,53,2,2,0,2,175
3490,12,3,0,0,82,161
3491,64,4,0,1,96,103
3492,15,4,0,1,174,143
3493,91,4,3,1,64,73
3494,87,3,3,0,32,149
3495,73,1,3,1,76,143
3496,16,1,2,0,28,195
3497,42,3,1,0,30,23
3498,82,2,2,0,22,33
3499,77,1,0,0,58,27
3500,83,2,1,1,156,15
3501,63,3,3,1,44,107
3502,7,0,2,1,170,55
3503,18,4,1,1,44,87
3504,87,0,2,1,34,175
3505,76,0,1,0,130,123
3506,8,3,3,1,148,129
3507,66,3,0,0,142,9
3508,48,1,0,0,84,61
3509,92,1,3,0,48,181
3510,62,3,0,0,158,13
3511,68,2,3,0,196,171
3512,93,2,2,1,48,91
3513,3,2,1,1,20,131
3514,67,2,2,0,86,161
3515,71,1,1,1,54,143
3516,67,3,2,0,88,123
3517,14,3,3,1,168,199
3518,6,0,0,0,120,181
3519,43,1,2,1,96,185
3520,89,0,1,0,32,163
3521,40,3,0,1,136,113
3522,43,4,1,1,130,41
3523,3,0,3,0,180,85
3524,63,3,1,0,44,179
3525,53,1,3,0,170,141
3526,98,0,2,0,68,121
3527,22,1,2,1,82,39
3528,7,2,2,0,60,147
3529,5,0,1,1,130,117
3530,56,2,0,0,184,113
3531,75,3,0,1,48,103
3532,32,4,1,0,96,51
3533,95,0,2,1,58,77
3534,8,4,2,0,162,159
3535,36,1,1,1,114,145
3536,40,2,0,1,140,113
3537,7,1,1,0,196,151
3538,78,2,3,1,148,169
3539,39,1,3,0,96,27
3540,33,4,3,1,22,181
3541,64,2,1,0,148,73
3542,11,3,2,1,30,143
3543,53,4,2,1,190,73
3544,39,3,1,0,152,127
3545,97,0,1,0,194,161
3546,41,1,0,0,34,165
3547,4,0,3,1,186,199
3548,12,2,0,1,46,197
3549,42,2,3,1,174,103
3550,76,3,2,1,2,199
3551,59,0,0,0,146,109
3552,27,0,0,1,192,19
3553,35,0,0,0,132,69
3554,1,2,0,1,170,137
3555,98,4,1,1,82,151
3556,57,2,3,0,0,77
3557,48,2,3,1,98,137
3558,46,1,0,0,128,57
3559,37,2,3,1,192,111
3560,26,0,3,0,52,147
3561,86,1,2,1,42,41
3562,97,0,0,0,8,27
3563,44,0,2,1,154,179
3564,91,4,3,1,2,189
3565,31,2,0,1,12,151
3566,81,3,0,1,140,11
3567,42,0,0,1,128,183
3568,49,2,3,0,42,111
3569,40,2,2,1,190,103
3570,96,0,3,0,78,51
3571,57,2,3,1,126,19
3572,12,2,0,0,114,161
3573,54,3,1,0,198,81
3574,30,0,2,1,108,45
3575,7,2,3,0,24,77
3576,16,3,2,1,40,79
3577,94,1,2,1,34,63
3578,29,3,1,1,32,121
3579,63,3,0,1,188,25
3580,6,3,2,0,108,49
3581,59,2,1,0,52,15
3582,40,1,3,0,68,33
3583,0,2,3,0,30,111
3584,95,0,2,0,46,159
3585,95,0,3,0,160,3
3586,54,1,0,1,32,49
3587,22,1,3,0,104,115
3588,71,0,3,1,96,59
3589,77,0,3,1,10,195
3590,92,1,3,1,14,165
3591,6,4,0,0,186,111
3592,36,0,0,1,162,5
3593,72,4,2,1,118,69
3594,73,3,1,1,38,27
3595,65,0,1,1,110,5
3596,79,2,0,0,56,5
3597,20,3,1,1,0,169
3598,27,1,0,1,84,135
3599,36,2,1,1,154,121
3600,83,4,1,0,106,171
3601,89,0,3,1,108,189
3602,23,3,3,0,156,155
3603,81,1,0,0,12,91
3604,92,1,0,0,98,181
3605,65,3,3,0,126,101
3606,56,0,1,1,106,15
3607,34,3,3,1,146,171
3608,78,1,2,0,20,11
3609,61,4,1,1,70,59
3610,71,0,2,0,32,111
3611,28,3,3,0,166,7
3612,7,2,1,1,52,75
3613,59,0,3,1,0,75
3614,8,0,2,0,154,55
3615,57,2,3,0,132,193
3616,71,2,2,0,160,89
3617,16,3,0,1,178,95
3618,74,3,1,1,126,175
3619,39,2,0,0,40,65
3620,49,2,3,0,80,141
3621,71,4,1,0,182,115
3622,61,2,1,0,6,99
3623,61,3,3,0,16,49
3624,36,0,1,0,28,187
3625,36,3,0,0,18,121
3626,41,3,1,0,186,165
3627,1,2,1,1,140,141
3628,50,2,2,0,60,87
3629,3,3,3,0,112,123
3630,96,1,1,0,106,69
3631,16,2,3,1,196,165
3632,87,1,0,0,28,13
3633,72,2,2,0,162,27
3634,26,2,0,1,88,177
3635,45,3,2,1,88,131
3636,81,4,3,1,62,139
3637,16,0,3,0,40,145
3638,65,4,2,0,146,95
3639,48,0,3,1,172,99
3640,5,0,2,0,28,147
3641,73,0,0,0,174,65
3642,64,3,3,0,36,31
3643,30,2,1,0,86,169
3644,30,4,1,1,138,169
3645,49,3,3,0,162,45
3646,35,1,3,0,140,63
3647,44,3,0,1,154,87
3648,56,1,1,1,168,195
3649,71,1,1,0,150,153
3650,72,3,2,0,134,73
3651,81,0,1,0,122,187
3652,25,2,3,0,154,163
3653,62,1,2,1,62,33
3654,65,3,2,1,66,41
3655,54,4,1,1,120,3
3656,94,4,2,1,50,65
3657,77,0,0,0,86,1
3658,68,3,2,1,118,3
3659,68,4,2,1,130,75
3660,74,0,0,1,96,175
3661,50,3,1,0,44,17
3662,95,0,3,1,186,137
3663,58,3,1,0,154,97
3664,10,1,0,0,102,147
3665,29,4,1,1,156,93
3666,60,0,0,1,18,3
3667,61,2,2,1,58,153
3668,76,1,0,0,174,157
3669,44,3,2,1,102,5
3670,20,3,0,1,38,191
3671,19,0,0,0,118,103
3672,35,1,2,1,90,105
3673,57,1,2,1,92,7
3674,61,1,2,0,48,21
3675,86,0,3,1,168,123
3676,64,2,3,1,46,53
3677,87,3,0,0,134,81
3678,26,4,2,0,34,189
3679,89,4,3,1,156,167
3680,33,2,3,1,148,169
3681,54,1,2,0,170,113
3682,74,3,1,0,6,75
3683,69,0,3,1,2,157
3684,9,4,2,0,128,137
3685,8,0,3,1,48,63
3686,9,4,0,0,136,43
3687,41,4,2,1,38,3
3688,49,2,0,0,124,43
3689,20,3,1,1,180,85
3690,94,2,3,1,60,181
3691,43,3,3,0,80,19
3692,70,3,3,1,14,1
3693,52,4,3,1,94,57
3694,10,2,1,0,152,195
3695,4,1,2,1,142,153
3696,71,4,2,1,12,17
3697,91,3,1,0,70,35
3698,27,0,1,0,140,185
3699,68,2,2,1,52,45
3700,63,4,1,1,20,1
3701,26,3,3,0,48,67
3702,94,0,2,0,158,67
3703,62,1,2,1,90,85
3704,24,2,1,0,32,53
3705,50,4,3,1,100,117
3706,24,0,0,1,188,51
3707,15,4,2,1,26,155
3708,88,2,1,0,80,39
3709,5,2,3,0,40,155
3710,53,2,0,1,134,143
3711,74,3,0,1,124,79
3712,43,4,2,1,188,129
3713,32,3,2,1,40,127
3714,60,4,0,1,188,3
3715,9,0,0,1,146,149
3716,29,2,1,0,42,41
3717,90,3,3,0,18,5
3718,37,3,3,0,94,197
3719,41,3,1,0,122,107
3720,22,1,1,0,36,111
3721,38,0,1,0,6,177
3722,78,4,0,1,192,191
3723,4,0,0,0,138,119
3724,49,0,0,1,194,21
3725,12,3,2,0,166,81
3726,94,0,1,0,198,87
3727,97,4,0,0,176,39
3728,17,1,0,0,170,159
3729,68,1,1,1,184,147
3730,78,1,2,1,106,15
3731,73,4,2,1,64,17
3732,0,2,3,1,150,159
3733,89,4,2,0,38,1
3734,71,4,3,1,144,117
3735,87,4,2,0,174,17
3736,51,2,3,0,186,113
3737,30,3,2,0,26,55
3738,14,4,0,1,194,163
3739,12,0,0,0,50,19
3740,84,0,2,0,168,191
3741,62,4,1,1,84,177
3742,33,4,0,1,62,11
3743,64,3,3,0,190,47
3744,79,1,1,1,162,25
3745,12,0,3,0,36,155
3746,26,0,2,0,102,97
3747,71,1,0,0,72,97
3748,59,0,2,1,26,79
3749,97,1,2,0,92,157
3750,79,0,1,0,196,157
3751,50,2,3,1,14,181
3752,68,0,0,0,106,25
3753,37,4,0,1,166,115
3754,37,1,3,0,88,197
3755,35,2,1,0,48,75
3756,85,2,0,0,188,51
3757,74,3,1,1,94,71
3758,15,1,3,1,188,25
3759,35,2,0,1,134,3
3760,12,2,3,0,108,37
3761,31,2,0,0,28,143
3762,37,4,0,1,150,123
3763,58,2,3,1,152,77
3764,76,1,3,0,166,125
3765,49,4,3,1,78,183
3766,61,4,3,0,174,49
3767,48,4,0,0,22,195
3768,81,0,2,1,52,159
3769,46,1,2,0,178,113
3770,85,3,2,1,138,191
3771,6,3,1,1,112,109
3772,20,1,0,0,146,83
3773,4,0,1,1,28,129
3774,87,1,1,0,192,129
3775,76,0,0,0,162,85
3776,55,0,1,0,54,199
3777,53,3,0,1,142,77
3778,5,4,2,1,38,89
3779,65,4,3,1,110,155
3780,76,3,1,0,24,145
3781,97,3,0,1,174,119
3782,80,0,2,1,12,149
3783,87,3,3,0,166,95
3784,75,1,3,1,134,11
3785,53,4,3,0,52,21
3786,43,3,2,1,194,31
3787,23,1,3,0,8,81
3788,50,2,0,1,112,57
3789,19,3,1,0,92,195
3790,22,3,1,1,102,83
3791,91,2,0,0,38,173
3792,39,2,3,0,174,25
3793,21,3,0,1,152,177
3794,20,4,2,1,74,37
3795,8,4,1,0,110,193
3796,70,4,1,1,114,155
3797,2,3,3,1,46,7
3798,28,2,0,1,156,33
3799,58,1,0,1,90,195
3800,13,3,0,1,132,79
3801,79,4,1,1,166,41
3802,79,1,2,0,196,39
3803,68,3,0,1,34,197
3804,88,0,2,1,12,57
3805,99,1,2,1,190,115
3806,44,2,2,1,76,35
3807,89,0,2,1,74,51
3808,21,4,2,0,100,33
3809,86,3,1,1,166,157
3810,48,3,3,1,112,29
3811,82,3,3,0,110,179
3812,49,3,0,0,58,197
3813,34,4,0,0,8,167
3814,14,4,3,0,58,125
3815,77,2,3,0,198,115
3816,44,0,1,1,118,51
3817,32,4,2,0,84,69
3818,17,2,3,1,24,153
3819,91,2,1,1,178,5
3820,18,3,3,1,126,67
3821,57,3,3,1,50,25
3822,84,2,2,1,86,117
3823,3,2,1,1,18,143
3824,2,4,0,0,94,15
3825,28,3,0,1,188,23
3826,90,2,3,1,180,33
3827,27,0,1,0,28,135
3828,62,2,1,0,182,171
3829,59,4,0,1,114,155
3830,58,4,0,1,14,199
3831,12,3,0,0,16,135
3832,56,0,0,0,28,185
3833,30,0,3,0,54,125
3834,56,1,3,0,132,35
3835,94,1,1,0,100,197
3836,99,0,3,1,156,109
3837,31,1,3,0,14,17
3838,68,0,1,1,174,19
3839,48,0,0,1,48,185
3840,60,4,0,0,136,199
3841,5,1,3,0,136,67
3842,55,3,2,0,154,53
3843,32,2,1,0,182,121
3844,48,4,0,1,166,81
3845,64,3,3,0,114,113
3846,75,3,3,0,72,173
3847,74,1,3,0,32,181
3848,36,4,2,0,70,175
3849,29,3,2,1,128,129
3850,13,3,2,0,36,111
3851,41,0,2,1,114,97
3852,59,2,2,1,16,87
3853,91,3,3,1,112,53
3854,94,2,2,1,134,95
3855,88,4,0,1,148,109
3856,68,4,0,1,188,163
3857,38,2,1,1,160,165
3858,30,1,0,0,102,193
3859,97,4,1,1,30,133
3860,98,3,3,0,10,183
3861,36,2,1,0,108,99
3862,85,2,3,0,184,7
3863,91,0,0,1,66,41
3864,44,2,0,0,90,93
3865,14,4,2,1,38,153
3866,39,0,1,0,88,185
3867,97,2,1,1,14,77
3868,33,1,2,0,124,155
3869,42,3,3,1,8,151
3870,98,1,3,0,160,185
3871,85,0,2,0,76,65
3872,5,2,3,0,144,3
3873,30,0,2,0,30,111
3874,50,3,2,0,94,113
3875,18,3,0,1,102,135
3876,88,4,1,0,112,49
3877,12,2,3,1,18,37
3878,63,2,2,0,172,29
3879,40,4,3,0,140,69
3880,9,3,1,1,92,83
3881,75,3,3,1,50,179
3882,88,1,2,0,6,91
3883,47,1,3,1,120,43
3884,9,3,1,0,138,111
3885,65,3,1,0,178,97
3886,45,2,3,0,28,135
3887,76,4,0,1,56,143
3888,85,2,0,0,198,69
3889,55,4,1,1,106,199
3890,1,3,1,0,156,15
3891,96,1,2,0,116,131
3892,98,4,2,0,106,71
3893,92,0,1,0,98,27
3894,91,3,2,0,192,175
3895,24,3,0,1,14,19
3896,34,0,2,0,160,185
3897,18,2,3,1,22,17
3898,25,1,3,1,74,179
3899,49,1,0,1,56,79
3900,51,0,1,1,186,7
3901,97,0,1,0,52,133
3902,49,2,0,1,70,25
3903,94,3,1,0,178,175
3904,74,0,1,1,178,93
3905,93,4,3,0,136,171
3906,5,2,1,1,72,5
3907,34,1,2,0,96,81
3908,64,0,0,1,162,53
3909,65,3,0,1,124,167
3910,29,2,0,1,8,175
3911,38,4,3,1,186,71
3912,6,4,0,1,96,145
3913,28,4,2,1,160,133
3914,57,4,3,0,38,15
3915,75,1,1,0,94,187
3916,54,3,3,1,112,79
3917,14,4,0,0,80,85
3918,13,1,3,1,160,25
3919,14,2,3,1,124,125
3920,77,1,1,1,176,183
3921,60,1,1,0,38,7
3922,74,2,1,1,50,53
3923,88,0,3,1,76,27
3924,24,1,1,1,150,153
3925,17,4,2,0,132,131
3926,70,3,0,1,46,73
3927,38,4,3,0,132,67
3928,89,3,3,0,70,133
3929,35,0,2,1,80,141
3930,50,3,3,0,76,25
3931,87,4,2,0,70,185
3932,7,4,3,1,140,11
3933,80,2,0,1,144,147
3934,21,3,3,0,32,49
3935,84,0,2,1,64,47
3936,53,0,0,0,36,179
3937,5,4,0,1,74,41
3938,15,3,1,1,102,31
3939,21,0,1,1,118,175
3940,77,0,1,0,160,115
3941,18,2,1,0,64,61
3942,31,2,2,1,146,141
3943,51,4,1,0,138,75
3944,13,2,0,0,16,69
3945,93,2,3,0,122,59
3946,86,4,2,1,98,185
3947,19,3,0,0,64,177
3948,21,3,0,0,56,107
3949,89,3,1,0,50,159
3950,51,4,3,0,136,67
3951,29,1,2,1,94,101
3952,72,4,0,0,36,61
3953,18,3,3,0,50,137
3954,51,0,3,0,160,13
3955,5,3,1,1,76,61
3956,0,0,0,1,72,59
3957,99,1,0,0,142,83
3958,60,1,3,0,142,163
3959,92,4,1,1,60,155
3960,62,2,2,1,70,99
3961,5,3,0,1,56,15
3962,67,1,2,1,6,141
3963,72,3,0,0,82,151
3964,88,4,2,0,56,129
3965,88,4,3,0,84,149
3966,63,4,2,1,82,45
3967,54,3,2,0,92,139
3968,39,3,3,1,130,41
3969,1,4,1,0,148,187
3970,67,3,0,1,12,101
3971,35,0,1,0,94,39
3972,31,2,1,1,94,53
3973,59,3,1,1,172,95
3974,47,4,3,1,130,117
3975,2,0,3,0,116,151
3976,29,1,0,0,44,89
3977,43,3,3,1,24,81
3978,36,0,1,0,64,131
3979,10,2,0,1,30,65
3980,93,3,0,0,182,7
3981,14,1,0,1,192,67
3982,4,3,2,0,42,123
3983,29,3,1,0,110,61
3984,92,2,3,0,192,5
3985,99,2,3,1,82,105
3986,47,3,3,1,166,127
3987,61,2,0,1,112,37
3988,55,2,0,0,96,39
3989,42,2,3,0,122,97
3990,48,3,1,1,180,1
3991,53,0,3,1,134,67
3992,57,1,1,1,178,55
3993,31,3,2,0,156,57
3994,43,2,0,1,24,25
3995,54,2,2,1,136,91
3996,85,0,1,1,98,39
3997,1,3,0,0,44,17
3998,78,1,2,1,46,51
3999,21,0,3,0,76,77
